-- =============================================================================
-- MyShop consolidated schema (SQLite)
-- Generated by server/scripts/merge-migrations.ts — do not edit by hand.
-- Merged from 82 incremental migration files (sqlite-specific where present).
-- =============================================================================

-- -----------------------------------------------------------------------------
-- Source: 001-initial-schema.sql
-- -----------------------------------------------------------------------------
-- MyShop Database Schema
-- Multi-tenant architecture with Row Level Security
-- PostgreSQL

CREATE EXTENSION IF NOT EXISTS "uuid-ossp";

-- ============================================================================
-- 1. TENANTS & USERS
-- ============================================================================

CREATE TABLE IF NOT EXISTS tenants (
    id TEXT PRIMARY KEY,
    name TEXT NOT NULL,
    company_name TEXT,
    email TEXT NOT NULL UNIQUE,
    phone TEXT,
    address TEXT,
    created_at TIMESTAMP NOT NULL DEFAULT NOW(),
    updated_at TIMESTAMP NOT NULL DEFAULT NOW(),
    settings JSONB DEFAULT '{}'::jsonb
);

CREATE TABLE IF NOT EXISTS users (
    id TEXT PRIMARY KEY,
    tenant_id TEXT NOT NULL REFERENCES tenants(id) ON DELETE CASCADE,
    username TEXT NOT NULL,
    name TEXT NOT NULL,
    role TEXT NOT NULL,
    password TEXT,
    email TEXT,
    is_active BOOLEAN NOT NULL DEFAULT TRUE,
    login_status BOOLEAN NOT NULL DEFAULT FALSE,
    created_at TIMESTAMP NOT NULL DEFAULT NOW(),
    updated_at TIMESTAMP NOT NULL DEFAULT NOW(),
    UNIQUE(tenant_id, username)
);

CREATE TABLE IF NOT EXISTS user_sessions (
    id TEXT PRIMARY KEY,
    user_id TEXT NOT NULL REFERENCES users(id) ON DELETE CASCADE,
    tenant_id TEXT NOT NULL REFERENCES tenants(id) ON DELETE CASCADE,
    token TEXT NOT NULL UNIQUE,
    expires_at TIMESTAMP NOT NULL,
    last_activity TIMESTAMP DEFAULT NOW(),
    created_at TIMESTAMP NOT NULL DEFAULT NOW(),
    UNIQUE(user_id, tenant_id)
);

-- ============================================================================
-- 2. SHARED TABLES (contacts, categories)
-- ============================================================================

CREATE TABLE IF NOT EXISTS contacts (
    id TEXT PRIMARY KEY,
    tenant_id TEXT NOT NULL REFERENCES tenants(id) ON DELETE CASCADE,
    name TEXT NOT NULL,
    type TEXT NOT NULL,
    description TEXT,
    contact_no TEXT,
    company_name TEXT,
    address TEXT,
    user_id TEXT REFERENCES users(id),
    created_at TIMESTAMP NOT NULL DEFAULT NOW(),
    updated_at TIMESTAMP NOT NULL DEFAULT NOW()
);

CREATE TABLE IF NOT EXISTS categories (
    id TEXT PRIMARY KEY,
    tenant_id TEXT NOT NULL REFERENCES tenants(id) ON DELETE CASCADE,
    name TEXT NOT NULL,
    type TEXT NOT NULL,
    deleted_at TIMESTAMP,
    created_at TIMESTAMP NOT NULL DEFAULT NOW(),
    updated_at TIMESTAMP NOT NULL DEFAULT NOW()
);

-- ============================================================================
-- 3. SHOP & POS MODULE
-- ============================================================================

CREATE TABLE IF NOT EXISTS shop_policies (
    tenant_id TEXT PRIMARY KEY REFERENCES tenants(id) ON DELETE CASCADE,
    allow_negative_stock BOOLEAN DEFAULT FALSE,
    universal_pricing BOOLEAN DEFAULT TRUE,
    tax_inclusive BOOLEAN DEFAULT FALSE,
    default_tax_rate DECIMAL(5, 2) DEFAULT 0,
    require_manager_approval BOOLEAN DEFAULT FALSE,
    loyalty_redemption_ratio DECIMAL(5, 4) DEFAULT 0.01,
    created_at TIMESTAMP NOT NULL DEFAULT NOW(),
    updated_at TIMESTAMP NOT NULL DEFAULT NOW()
);

CREATE TABLE IF NOT EXISTS shop_branches (
    id TEXT PRIMARY KEY DEFAULT uuid_generate_v4(),
    tenant_id TEXT NOT NULL REFERENCES tenants(id) ON DELETE CASCADE,
    name TEXT NOT NULL,
    code TEXT NOT NULL,
    type TEXT NOT NULL DEFAULT 'Flagship',
    status TEXT NOT NULL DEFAULT 'Active',
    location TEXT,
    region TEXT,
    manager_name TEXT,
    contact_no TEXT,
    timezone TEXT DEFAULT 'GMT+5',
    open_time TIME,
    close_time TIME,
    created_at TIMESTAMP NOT NULL DEFAULT NOW(),
    updated_at TIMESTAMP NOT NULL DEFAULT NOW(),
    UNIQUE(tenant_id, code)
);

CREATE TABLE IF NOT EXISTS shop_terminals (
    id TEXT PRIMARY KEY DEFAULT uuid_generate_v4(),
    tenant_id TEXT NOT NULL REFERENCES tenants(id) ON DELETE CASCADE,
    branch_id TEXT NOT NULL REFERENCES shop_branches(id) ON DELETE CASCADE,
    name TEXT NOT NULL,
    code TEXT NOT NULL,
    status TEXT NOT NULL DEFAULT 'Online',
    version TEXT,
    last_sync TIMESTAMP,
    ip_address TEXT,
    health_score INTEGER DEFAULT 100,
    created_at TIMESTAMP NOT NULL DEFAULT NOW(),
    updated_at TIMESTAMP NOT NULL DEFAULT NOW(),
    UNIQUE(tenant_id, code)
);

CREATE TABLE IF NOT EXISTS shop_warehouses (
    id TEXT PRIMARY KEY DEFAULT uuid_generate_v4(),
    tenant_id TEXT NOT NULL REFERENCES tenants(id) ON DELETE CASCADE,
    name TEXT NOT NULL,
    code TEXT NOT NULL,
    location TEXT,
    is_active BOOLEAN DEFAULT TRUE,
    created_at TIMESTAMP NOT NULL DEFAULT NOW(),
    updated_at TIMESTAMP NOT NULL DEFAULT NOW(),
    UNIQUE(tenant_id, code)
);

CREATE TABLE IF NOT EXISTS shop_products (
    id TEXT PRIMARY KEY DEFAULT uuid_generate_v4(),
    tenant_id TEXT NOT NULL REFERENCES tenants(id) ON DELETE CASCADE,
    name TEXT NOT NULL,
    sku TEXT NOT NULL,
    barcode TEXT,
    category_id TEXT REFERENCES categories(id) ON DELETE SET NULL,
    unit TEXT DEFAULT 'pcs',
    cost_price DECIMAL(15, 2) DEFAULT 0,
    retail_price DECIMAL(15, 2) DEFAULT 0,
    tax_rate DECIMAL(5, 2) DEFAULT 0,
    reorder_point INTEGER DEFAULT 10,
    image_url TEXT,
    is_active BOOLEAN DEFAULT TRUE,
    created_at TIMESTAMP NOT NULL DEFAULT NOW(),
    updated_at TIMESTAMP NOT NULL DEFAULT NOW(),
    UNIQUE(tenant_id, sku)
);

CREATE TABLE IF NOT EXISTS shop_inventory (
    id TEXT PRIMARY KEY DEFAULT uuid_generate_v4(),
    tenant_id TEXT NOT NULL REFERENCES tenants(id) ON DELETE CASCADE,
    product_id TEXT NOT NULL REFERENCES shop_products(id) ON DELETE CASCADE,
    warehouse_id TEXT NOT NULL REFERENCES shop_warehouses(id) ON DELETE CASCADE,
    quantity_on_hand DECIMAL(15, 2) DEFAULT 0,
    quantity_reserved DECIMAL(15, 2) DEFAULT 0,
    created_at TIMESTAMP NOT NULL DEFAULT NOW(),
    updated_at TIMESTAMP NOT NULL DEFAULT NOW(),
    UNIQUE(tenant_id, product_id, warehouse_id)
);

CREATE TABLE IF NOT EXISTS shop_loyalty_members (
    id TEXT PRIMARY KEY DEFAULT uuid_generate_v4(),
    tenant_id TEXT NOT NULL REFERENCES tenants(id) ON DELETE CASCADE,
    customer_id TEXT NOT NULL REFERENCES contacts(id) ON DELETE CASCADE,
    card_number TEXT NOT NULL,
    tier TEXT NOT NULL DEFAULT 'Silver',
    points_balance INTEGER DEFAULT 0,
    lifetime_points INTEGER DEFAULT 0,
    total_spend DECIMAL(15, 2) DEFAULT 0,
    visit_count INTEGER DEFAULT 0,
    status TEXT NOT NULL DEFAULT 'Active',
    joined_at TIMESTAMP NOT NULL DEFAULT NOW(),
    created_at TIMESTAMP NOT NULL DEFAULT NOW(),
    updated_at TIMESTAMP NOT NULL DEFAULT NOW(),
    UNIQUE(tenant_id, card_number),
    UNIQUE(tenant_id, customer_id)
);

CREATE TABLE IF NOT EXISTS shop_sales (
    id TEXT PRIMARY KEY DEFAULT uuid_generate_v4(),
    tenant_id TEXT NOT NULL REFERENCES tenants(id) ON DELETE CASCADE,
    branch_id TEXT REFERENCES shop_branches(id),
    terminal_id TEXT REFERENCES shop_terminals(id),
    user_id TEXT REFERENCES users(id),
    customer_id TEXT REFERENCES contacts(id),
    loyalty_member_id TEXT REFERENCES shop_loyalty_members(id),
    sale_number TEXT NOT NULL,
    subtotal DECIMAL(15, 2) NOT NULL,
    tax_total DECIMAL(15, 2) NOT NULL,
    discount_total DECIMAL(15, 2) DEFAULT 0,
    grand_total DECIMAL(15, 2) NOT NULL,
    total_paid DECIMAL(15, 2) DEFAULT 0,
    change_due DECIMAL(15, 2) DEFAULT 0,
    payment_method TEXT NOT NULL,
    payment_details JSONB,
    status TEXT NOT NULL DEFAULT 'Completed',
    points_earned INTEGER DEFAULT 0,
    points_redeemed INTEGER DEFAULT 0,
    created_at TIMESTAMP NOT NULL DEFAULT NOW(),
    updated_at TIMESTAMP NOT NULL DEFAULT NOW(),
    UNIQUE(tenant_id, sale_number)
);

CREATE TABLE IF NOT EXISTS shop_sale_items (
    id TEXT PRIMARY KEY DEFAULT uuid_generate_v4(),
    tenant_id TEXT NOT NULL REFERENCES tenants(id) ON DELETE CASCADE,
    sale_id TEXT NOT NULL REFERENCES shop_sales(id) ON DELETE CASCADE,
    product_id TEXT NOT NULL REFERENCES shop_products(id),
    quantity DECIMAL(15, 2) NOT NULL,
    unit_price DECIMAL(15, 2) NOT NULL,
    tax_amount DECIMAL(15, 2) DEFAULT 0,
    discount_amount DECIMAL(15, 2) DEFAULT 0,
    subtotal DECIMAL(15, 2) NOT NULL,
    created_at TIMESTAMP DEFAULT NOW()
);

CREATE TABLE IF NOT EXISTS shop_inventory_movements (
    id TEXT PRIMARY KEY DEFAULT uuid_generate_v4(),
    tenant_id TEXT NOT NULL REFERENCES tenants(id) ON DELETE CASCADE,
    product_id TEXT NOT NULL REFERENCES shop_products(id),
    warehouse_id TEXT NOT NULL REFERENCES shop_warehouses(id),
    type TEXT NOT NULL,
    quantity DECIMAL(15, 2) NOT NULL,
    reference_id TEXT,
    reason TEXT,
    user_id TEXT REFERENCES users(id),
    created_at TIMESTAMP DEFAULT NOW()
);

-- ============================================================================
-- 4. INDEXES
-- ============================================================================

CREATE INDEX IF NOT EXISTS idx_users_tenant ON users(tenant_id);
CREATE INDEX IF NOT EXISTS idx_contacts_tenant ON contacts(tenant_id);
CREATE INDEX IF NOT EXISTS idx_categories_tenant ON categories(tenant_id);
CREATE INDEX IF NOT EXISTS idx_shop_branches_tenant ON shop_branches(tenant_id);
CREATE INDEX IF NOT EXISTS idx_shop_products_tenant ON shop_products(tenant_id);
CREATE INDEX IF NOT EXISTS idx_shop_products_sku ON shop_products(tenant_id, sku);
CREATE INDEX IF NOT EXISTS idx_shop_sales_tenant ON shop_sales(tenant_id);
CREATE INDEX IF NOT EXISTS idx_shop_inventory_product ON shop_inventory(product_id);
CREATE INDEX IF NOT EXISTS idx_shop_loyalty_customer ON shop_loyalty_members(customer_id);
CREATE INDEX IF NOT EXISTS idx_user_sessions_user_tenant ON user_sessions(user_id, tenant_id);
CREATE INDEX IF NOT EXISTS idx_user_sessions_last_activity ON user_sessions(last_activity);

-- ============================================================================
-- 5. ROW LEVEL SECURITY
-- ============================================================================

CREATE OR REPLACE FUNCTION get_current_tenant_id() RETURNS TEXT AS $$
    SELECT current_setting('app.current_tenant_id', TRUE);
$$ LANGUAGE sql STABLE;

DO $$
DECLARE
    t RECORD;
BEGIN
    FOR t IN
        SELECT table_name FROM information_schema.tables
        WHERE table_schema = 'public'
        AND table_type = 'BASE TABLE'
        AND table_name NOT IN ('tenants', 'schema_migrations')
    LOOP
        EXECUTE format('ALTER TABLE %I ENABLE ROW LEVEL SECURITY', t.table_name);
        EXECUTE format('DROP POLICY IF EXISTS tenant_isolation ON %I', t.table_name);

        IF EXISTS (SELECT 1 FROM information_schema.columns WHERE table_name = t.table_name AND column_name = 'tenant_id') THEN
            EXECUTE format('CREATE POLICY tenant_isolation ON %I FOR ALL USING (tenant_id = get_current_tenant_id()) WITH CHECK (tenant_id = get_current_tenant_id())', t.table_name);
        END IF;
    END LOOP;
END $$;

-- -----------------------------------------------------------------------------
-- Source: 002-bank-accounts-and-vendors.sql
-- -----------------------------------------------------------------------------
-- Chart of Accounts: Bank accounts for POS payment linking
CREATE TABLE IF NOT EXISTS shop_bank_accounts (
    id TEXT PRIMARY KEY DEFAULT uuid_generate_v4(),
    tenant_id TEXT NOT NULL REFERENCES tenants(id) ON DELETE CASCADE,
    name TEXT NOT NULL,
    code TEXT,
    account_type TEXT NOT NULL DEFAULT 'Bank',
    currency TEXT DEFAULT 'BDT',
    is_active BOOLEAN DEFAULT TRUE,
    created_at TIMESTAMP NOT NULL DEFAULT NOW(),
    updated_at TIMESTAMP NOT NULL DEFAULT NOW()
);

CREATE INDEX IF NOT EXISTS idx_shop_bank_accounts_tenant ON shop_bank_accounts(tenant_id);

ALTER TABLE shop_bank_accounts ENABLE ROW LEVEL SECURITY;
DROP POLICY IF EXISTS tenant_isolation ON shop_bank_accounts;
CREATE POLICY tenant_isolation ON shop_bank_accounts FOR ALL
  USING (tenant_id = get_current_tenant_id())
  WITH CHECK (tenant_id = get_current_tenant_id());

-- Vendors for procurement
CREATE TABLE IF NOT EXISTS shop_vendors (
    id TEXT PRIMARY KEY DEFAULT uuid_generate_v4(),
    tenant_id TEXT NOT NULL REFERENCES tenants(id) ON DELETE CASCADE,
    name TEXT NOT NULL,
    company_name TEXT,
    contact_no TEXT,
    email TEXT,
    address TEXT,
    description TEXT,
    is_active BOOLEAN DEFAULT TRUE,
    created_at TIMESTAMP NOT NULL DEFAULT NOW(),
    updated_at TIMESTAMP NOT NULL DEFAULT NOW()
);

CREATE INDEX IF NOT EXISTS idx_shop_vendors_tenant ON shop_vendors(tenant_id);

ALTER TABLE shop_vendors ENABLE ROW LEVEL SECURITY;
DROP POLICY IF EXISTS tenant_isolation ON shop_vendors;
CREATE POLICY tenant_isolation ON shop_vendors FOR ALL
  USING (tenant_id = get_current_tenant_id())
  WITH CHECK (tenant_id = get_current_tenant_id());

-- -----------------------------------------------------------------------------
-- Source: 002-role-permissions.sql
-- -----------------------------------------------------------------------------
-- Migration to normalize user roles and permissions

-- 1. Create permissions table
CREATE TABLE IF NOT EXISTS permissions (
    id TEXT PRIMARY KEY,
    name TEXT NOT NULL UNIQUE,
    description TEXT,
    created_at TIMESTAMP NOT NULL DEFAULT NOW()
);

-- 2. Create roles table
CREATE TABLE IF NOT EXISTS roles (
    id TEXT PRIMARY KEY,
    name TEXT NOT NULL UNIQUE,
    description TEXT,
    created_at TIMESTAMP NOT NULL DEFAULT NOW()
);

-- 3. Create role_permissions linking table
CREATE TABLE IF NOT EXISTS role_permissions (
    role_id TEXT NOT NULL REFERENCES roles(id) ON DELETE CASCADE,
    permission_id TEXT NOT NULL REFERENCES permissions(id) ON DELETE CASCADE,
    PRIMARY KEY (role_id, permission_id)
);

-- 4. Seed basic roles
INSERT INTO roles (id, name, description) VALUES 
('admin', 'Admin', 'Full system access'),
('accountant', 'Accountant', 'Access to accounting and procurement'),
('pos_cashier', 'POS Cashier', 'Access to POS screen only')
ON CONFLICT (id) DO NOTHING;

-- 5. Seed basic permissions
INSERT INTO permissions (id, name, description) VALUES 
('manage_users', 'Manage Users', 'Can create and edit users'),
('manage_branches', 'Manage Branches', 'Can create and edit branches'),
('manage_inventory', 'Manage Inventory', 'Can adjust stock and view products'),
('manage_procurement', 'Manage Procurement', 'Can create purchase orders/vendors'),
('view_reports', 'View Reports', 'Can see BI dashboards'),
('access_pos', 'Access POS', 'Can use the checkout screen'),
('access_accounting', 'Access Accounting', 'Can view ledgers and financial statements')
ON CONFLICT (id) DO NOTHING;

-- 6. Link roles to permissions
-- Admin gets everything
INSERT INTO role_permissions (role_id, permission_id)
SELECT 'admin', id FROM permissions
ON CONFLICT DO NOTHING;

-- Accountant gets specific ones
INSERT INTO role_permissions (role_id, permission_id) VALUES 
('accountant', 'manage_inventory'),
('accountant', 'manage_procurement'),
('accountant', 'view_reports'),
('accountant', 'access_accounting')
ON CONFLICT DO NOTHING;

-- POS Cashier gets only POS
INSERT INTO role_permissions (role_id, permission_id) VALUES 
('pos_cashier', 'access_pos')
ON CONFLICT DO NOTHING;

-- -----------------------------------------------------------------------------
-- Source: 003-mobile-ordering.sql
-- -----------------------------------------------------------------------------
-- ============================================================================
-- MIGRATION 003: Mobile Ordering System
-- ============================================================================

-- 1. TENANT BRANDING / SLUG (for QR code → URL → shop discovery)
ALTER TABLE tenants
    ADD COLUMN IF NOT EXISTS slug TEXT UNIQUE,
    ADD COLUMN IF NOT EXISTS logo_url TEXT,
    ADD COLUMN IF NOT EXISTS brand_color TEXT DEFAULT '#4F46E5';

CREATE UNIQUE INDEX IF NOT EXISTS idx_tenants_slug ON tenants(slug);

-- 2. PRODUCT MOBILE VISIBILITY COLUMNS
ALTER TABLE shop_products
    ADD COLUMN IF NOT EXISTS mobile_visible BOOLEAN DEFAULT TRUE,
    ADD COLUMN IF NOT EXISTS mobile_price DECIMAL(15, 2),
    ADD COLUMN IF NOT EXISTS mobile_description TEXT,
    ADD COLUMN IF NOT EXISTS mobile_sort_order INTEGER DEFAULT 0;

CREATE INDEX IF NOT EXISTS idx_shop_products_mobile
    ON shop_products(tenant_id, mobile_visible) WHERE mobile_visible = TRUE;

-- 3. MOBILE CUSTOMERS
CREATE TABLE IF NOT EXISTS mobile_customers (
    id TEXT PRIMARY KEY DEFAULT uuid_generate_v4()::text,
    tenant_id TEXT NOT NULL REFERENCES tenants(id) ON DELETE CASCADE,
    phone TEXT NOT NULL,
    name TEXT,
    email TEXT,
    address_line1 TEXT,
    address_line2 TEXT,
    city TEXT,
    postal_code TEXT,
    lat DECIMAL(10, 7),
    lng DECIMAL(10, 7),
    otp_code TEXT,
    otp_expires_at TIMESTAMP,
    is_verified BOOLEAN DEFAULT FALSE,
    is_blocked BOOLEAN DEFAULT FALSE,
    device_token TEXT,
    last_login_at TIMESTAMP,
    created_at TIMESTAMP NOT NULL DEFAULT NOW(),
    updated_at TIMESTAMP NOT NULL DEFAULT NOW(),
    UNIQUE(tenant_id, phone)
);

CREATE INDEX IF NOT EXISTS idx_mobile_customers_tenant_phone
    ON mobile_customers(tenant_id, phone);

-- 4. MOBILE ORDERS
CREATE TABLE IF NOT EXISTS mobile_orders (
    id TEXT PRIMARY KEY DEFAULT uuid_generate_v4()::text,
    tenant_id TEXT NOT NULL REFERENCES tenants(id) ON DELETE CASCADE,
    customer_id TEXT NOT NULL REFERENCES mobile_customers(id),
    branch_id TEXT REFERENCES shop_branches(id),
    order_number TEXT NOT NULL,
    status TEXT NOT NULL DEFAULT 'Pending',
    subtotal DECIMAL(15, 2) NOT NULL DEFAULT 0,
    tax_total DECIMAL(15, 2) NOT NULL DEFAULT 0,
    discount_total DECIMAL(15, 2) NOT NULL DEFAULT 0,
    delivery_fee DECIMAL(15, 2) NOT NULL DEFAULT 0,
    grand_total DECIMAL(15, 2) NOT NULL DEFAULT 0,
    payment_method TEXT DEFAULT 'COD',
    payment_status TEXT DEFAULT 'Unpaid',
    delivery_address TEXT,
    delivery_lat DECIMAL(10, 7),
    delivery_lng DECIMAL(10, 7),
    delivery_notes TEXT,
    estimated_delivery_at TIMESTAMP,
    delivered_at TIMESTAMP,
    cancelled_at TIMESTAMP,
    cancellation_reason TEXT,
    cancelled_by TEXT,
    idempotency_key TEXT UNIQUE,
    pos_synced BOOLEAN DEFAULT FALSE,
    pos_synced_at TIMESTAMP,
    created_at TIMESTAMP NOT NULL DEFAULT NOW(),
    updated_at TIMESTAMP NOT NULL DEFAULT NOW(),
    UNIQUE(tenant_id, order_number)
);

CREATE INDEX IF NOT EXISTS idx_mobile_orders_tenant ON mobile_orders(tenant_id);
CREATE INDEX IF NOT EXISTS idx_mobile_orders_customer ON mobile_orders(customer_id);
CREATE INDEX IF NOT EXISTS idx_mobile_orders_status ON mobile_orders(tenant_id, status);
CREATE INDEX IF NOT EXISTS idx_mobile_orders_created ON mobile_orders(tenant_id, created_at DESC);
CREATE INDEX IF NOT EXISTS idx_mobile_orders_pos_synced
    ON mobile_orders(tenant_id, pos_synced) WHERE pos_synced = FALSE;

-- 5. MOBILE ORDER ITEMS
CREATE TABLE IF NOT EXISTS mobile_order_items (
    id TEXT PRIMARY KEY DEFAULT uuid_generate_v4()::text,
    tenant_id TEXT NOT NULL REFERENCES tenants(id) ON DELETE CASCADE,
    order_id TEXT NOT NULL REFERENCES mobile_orders(id) ON DELETE CASCADE,
    product_id TEXT NOT NULL REFERENCES shop_products(id),
    product_name TEXT NOT NULL,
    product_sku TEXT NOT NULL,
    quantity DECIMAL(15, 2) NOT NULL,
    unit_price DECIMAL(15, 2) NOT NULL,
    tax_amount DECIMAL(15, 2) DEFAULT 0,
    discount_amount DECIMAL(15, 2) DEFAULT 0,
    subtotal DECIMAL(15, 2) NOT NULL,
    created_at TIMESTAMP DEFAULT NOW()
);

CREATE INDEX IF NOT EXISTS idx_mobile_order_items_order ON mobile_order_items(order_id);

-- 6. ORDER STATUS HISTORY
CREATE TABLE IF NOT EXISTS mobile_order_status_history (
    id TEXT PRIMARY KEY DEFAULT uuid_generate_v4()::text,
    tenant_id TEXT NOT NULL REFERENCES tenants(id) ON DELETE CASCADE,
    order_id TEXT NOT NULL REFERENCES mobile_orders(id) ON DELETE CASCADE,
    from_status TEXT,
    to_status TEXT NOT NULL,
    changed_by TEXT,
    changed_by_type TEXT DEFAULT 'system',
    note TEXT,
    created_at TIMESTAMP NOT NULL DEFAULT NOW()
);

CREATE INDEX IF NOT EXISTS idx_mobile_order_status_history_order
    ON mobile_order_status_history(order_id);

-- 7. MOBILE ORDERING SETTINGS (per-tenant)
CREATE TABLE IF NOT EXISTS mobile_ordering_settings (
    tenant_id TEXT PRIMARY KEY REFERENCES tenants(id) ON DELETE CASCADE,
    is_enabled BOOLEAN DEFAULT FALSE,
    minimum_order_amount DECIMAL(15, 2) DEFAULT 0,
    delivery_fee DECIMAL(15, 2) DEFAULT 0,
    free_delivery_above DECIMAL(15, 2),
    max_delivery_radius_km DECIMAL(5, 2),
    auto_confirm_orders BOOLEAN DEFAULT FALSE,
    order_acceptance_start TIME DEFAULT '09:00',
    order_acceptance_end TIME DEFAULT '21:00',
    estimated_delivery_minutes INTEGER DEFAULT 60,
    created_at TIMESTAMP NOT NULL DEFAULT NOW(),
    updated_at TIMESTAMP NOT NULL DEFAULT NOW()
);

-- 8. ROW LEVEL SECURITY
ALTER TABLE mobile_customers ENABLE ROW LEVEL SECURITY;
ALTER TABLE mobile_orders ENABLE ROW LEVEL SECURITY;
ALTER TABLE mobile_order_items ENABLE ROW LEVEL SECURITY;
ALTER TABLE mobile_order_status_history ENABLE ROW LEVEL SECURITY;
ALTER TABLE mobile_ordering_settings ENABLE ROW LEVEL SECURITY;

DO $$
DECLARE
    tbl TEXT;
BEGIN
    FOR tbl IN SELECT unnest(ARRAY[
        'mobile_customers',
        'mobile_orders',
        'mobile_order_items',
        'mobile_order_status_history',
        'mobile_ordering_settings'
    ])
    LOOP
        EXECUTE format('DROP POLICY IF EXISTS tenant_isolation ON %I', tbl);
        EXECUTE format(
            'CREATE POLICY tenant_isolation ON %I FOR ALL USING (tenant_id = get_current_tenant_id()) WITH CHECK (tenant_id = get_current_tenant_id())',
            tbl
        );
    END LOOP;
END $$;

-- 9. NOTIFICATION FUNCTION (pg_notify on new order)
CREATE OR REPLACE FUNCTION notify_new_mobile_order()
RETURNS TRIGGER AS $$
BEGIN
    PERFORM pg_notify(
        'new_mobile_order',
        json_build_object(
            'orderId', NEW.id,
            'tenantId', NEW.tenant_id,
            'orderNumber', NEW.order_number,
            'grandTotal', NEW.grand_total,
            'status', NEW.status,
            'createdAt', NEW.created_at
        )::text
    );
    RETURN NEW;
END;
$$ LANGUAGE plpgsql;

DROP TRIGGER IF EXISTS trg_new_mobile_order ON mobile_orders;
CREATE TRIGGER trg_new_mobile_order
    AFTER INSERT ON mobile_orders
    FOR EACH ROW
    EXECUTE FUNCTION notify_new_mobile_order();

-- -----------------------------------------------------------------------------
-- Source: 004-mobile-passwords.sql
-- -----------------------------------------------------------------------------
-- ============================================================================
-- MIGRATION 004: Mobile Passwords
-- ============================================================================

ALTER TABLE mobile_customers 
    ADD COLUMN IF NOT EXISTS password TEXT;

-- -----------------------------------------------------------------------------
-- Source: 005-add-balance-to-bank-accounts.sql
-- -----------------------------------------------------------------------------
ALTER TABLE IF EXISTS shop_bank_accounts ADD COLUMN IF NOT EXISTS balance DECIMAL(15, 2) DEFAULT 0;

-- -----------------------------------------------------------------------------
-- Source: 006-accounting-schema.sql
-- -----------------------------------------------------------------------------
-- Accounting Database Schema
-- Adds missing tables for Double-Entry Accounting and Reports

CREATE TABLE IF NOT EXISTS accounts (
    id TEXT PRIMARY KEY DEFAULT uuid_generate_v4(),
    tenant_id TEXT NOT NULL REFERENCES tenants(id) ON DELETE CASCADE,
    name TEXT NOT NULL,
    code TEXT,
    type TEXT NOT NULL,
    balance DECIMAL(15, 2) DEFAULT 0,
    is_active BOOLEAN DEFAULT TRUE,
    created_at TIMESTAMP NOT NULL DEFAULT NOW(),
    updated_at TIMESTAMP NOT NULL DEFAULT NOW()
);

CREATE INDEX IF NOT EXISTS idx_accounts_tenant ON accounts(tenant_id);

CREATE TABLE IF NOT EXISTS journal_entries (
    id TEXT PRIMARY KEY DEFAULT uuid_generate_v4(),
    tenant_id TEXT NOT NULL REFERENCES tenants(id) ON DELETE CASCADE,
    date TIMESTAMP NOT NULL DEFAULT NOW(),
    reference TEXT NOT NULL,
    description TEXT,
    status TEXT DEFAULT 'Posted',
    source_module TEXT,
    source_id TEXT,
    created_at TIMESTAMP NOT NULL DEFAULT NOW()
);

CREATE INDEX IF NOT EXISTS idx_journal_entries_tenant ON journal_entries(tenant_id);
CREATE INDEX IF NOT EXISTS idx_journal_entries_date ON journal_entries(date);

CREATE TABLE IF NOT EXISTS ledger_entries (
    id TEXT PRIMARY KEY DEFAULT uuid_generate_v4(),
    tenant_id TEXT NOT NULL REFERENCES tenants(id) ON DELETE CASCADE,
    journal_entry_id TEXT NOT NULL REFERENCES journal_entries(id) ON DELETE CASCADE,
    account_id TEXT NOT NULL REFERENCES accounts(id),
    debit DECIMAL(15, 2) DEFAULT 0,
    credit DECIMAL(15, 2) DEFAULT 0,
    created_at TIMESTAMP NOT NULL DEFAULT NOW()
);

CREATE INDEX IF NOT EXISTS idx_ledger_entries_tenant_account ON ledger_entries(tenant_id, account_id);

CREATE TABLE IF NOT EXISTS customer_balance (
    tenant_id TEXT NOT NULL REFERENCES tenants(id) ON DELETE CASCADE,
    customer_id TEXT NOT NULL REFERENCES contacts(id) ON DELETE CASCADE,
    balance DECIMAL(15, 2) DEFAULT 0,
    updated_at TIMESTAMP DEFAULT NOW(),
    PRIMARY KEY (tenant_id, customer_id)
);

CREATE TABLE IF NOT EXISTS transactions (
    id TEXT PRIMARY KEY DEFAULT uuid_generate_v4(),
    tenant_id TEXT NOT NULL REFERENCES tenants(id) ON DELETE CASCADE,
    date TIMESTAMP NOT NULL DEFAULT NOW(),
    type TEXT,
    amount DECIMAL(15, 2) DEFAULT 0,
    reference TEXT,
    created_at TIMESTAMP NOT NULL DEFAULT NOW()
);

CREATE TABLE IF NOT EXISTS report_aggregates (
    tenant_id TEXT NOT NULL REFERENCES tenants(id) ON DELETE CASCADE,
    report_name TEXT NOT NULL,
    data JSONB,
    updated_at TIMESTAMP DEFAULT NOW(),
    PRIMARY KEY (tenant_id, report_name)
);

-- RLS Policies
ALTER TABLE accounts ENABLE ROW LEVEL SECURITY;
DROP POLICY IF EXISTS tenant_isolation ON accounts;
CREATE POLICY tenant_isolation ON accounts FOR ALL USING (tenant_id = get_current_tenant_id()) WITH CHECK (tenant_id = get_current_tenant_id());

ALTER TABLE journal_entries ENABLE ROW LEVEL SECURITY;
DROP POLICY IF EXISTS tenant_isolation ON journal_entries;
CREATE POLICY tenant_isolation ON journal_entries FOR ALL USING (tenant_id = get_current_tenant_id()) WITH CHECK (tenant_id = get_current_tenant_id());

ALTER TABLE ledger_entries ENABLE ROW LEVEL SECURITY;
DROP POLICY IF EXISTS tenant_isolation ON ledger_entries;
CREATE POLICY tenant_isolation ON ledger_entries FOR ALL USING (tenant_id = get_current_tenant_id()) WITH CHECK (tenant_id = get_current_tenant_id());

ALTER TABLE customer_balance ENABLE ROW LEVEL SECURITY;
DROP POLICY IF EXISTS tenant_isolation ON customer_balance;
CREATE POLICY tenant_isolation ON customer_balance FOR ALL USING (tenant_id = get_current_tenant_id()) WITH CHECK (tenant_id = get_current_tenant_id());

ALTER TABLE transactions ENABLE ROW LEVEL SECURITY;
DROP POLICY IF EXISTS tenant_isolation ON transactions;
CREATE POLICY tenant_isolation ON transactions FOR ALL USING (tenant_id = get_current_tenant_id()) WITH CHECK (tenant_id = get_current_tenant_id());

ALTER TABLE report_aggregates ENABLE ROW LEVEL SECURITY;
DROP POLICY IF EXISTS tenant_isolation ON report_aggregates;
CREATE POLICY tenant_isolation ON report_aggregates FOR ALL USING (tenant_id = get_current_tenant_id()) WITH CHECK (tenant_id = get_current_tenant_id());

-- -----------------------------------------------------------------------------
-- Source: 007-budget-feature.sql
-- -----------------------------------------------------------------------------
-- ============================================================================
-- MIGRATION 007: Monthly Grocery Budget Feature
-- ============================================================================

-- 1. BUDGETS TABLE
CREATE TABLE IF NOT EXISTS budgets (
    id TEXT PRIMARY KEY DEFAULT uuid_generate_v4()::text,
    tenant_id TEXT NOT NULL REFERENCES tenants(id) ON DELETE CASCADE,
    customer_id TEXT REFERENCES mobile_customers(id) ON DELETE CASCADE,
    user_id TEXT REFERENCES users(id) ON DELETE SET NULL, -- For POS users/admins if needed
    month INTEGER NOT NULL, -- 1-12
    year INTEGER NOT NULL,
    total_budget_amount DECIMAL(15, 2) NOT NULL DEFAULT 0,
    budget_type TEXT NOT NULL DEFAULT 'Flexible', -- 'Fixed' or 'Flexible'
    status TEXT NOT NULL DEFAULT 'active', -- 'active' or 'closed'
    created_at TIMESTAMP NOT NULL DEFAULT NOW(),
    updated_at TIMESTAMP NOT NULL DEFAULT NOW(),
    UNIQUE(tenant_id, customer_id, month, year)
);

-- 2. BUDGET ITEMS TABLE
CREATE TABLE IF NOT EXISTS budget_items (
    id TEXT PRIMARY KEY DEFAULT uuid_generate_v4()::text,
    tenant_id TEXT NOT NULL REFERENCES tenants(id) ON DELETE CASCADE,
    budget_id TEXT NOT NULL REFERENCES budgets(id) ON DELETE CASCADE,
    product_id TEXT NOT NULL REFERENCES shop_products(id) ON DELETE CASCADE,
    planned_quantity DECIMAL(15, 2) NOT NULL DEFAULT 1,
    planned_price DECIMAL(15, 2) NOT NULL DEFAULT 0,
    planned_total DECIMAL(15, 2) NOT NULL DEFAULT 0,
    actual_quantity DECIMAL(15, 2) NOT NULL DEFAULT 0,
    actual_amount DECIMAL(15, 2) NOT NULL DEFAULT 0,
    created_at TIMESTAMP NOT NULL DEFAULT NOW(),
    updated_at TIMESTAMP NOT NULL DEFAULT NOW(),
    UNIQUE(budget_id, product_id)
);

-- 3. BUDGET VS ACTUAL VIEW
CREATE OR REPLACE VIEW budget_vs_actual_view AS
SELECT 
    bi.id as budget_item_id,
    bi.budget_id,
    bi.tenant_id,
    bi.product_id,
    p.name as product_name,
    p.sku as product_sku,
    bi.planned_quantity,
    bi.actual_quantity,
    bi.planned_price,
    bi.planned_total,
    bi.actual_amount,
    (bi.planned_total - bi.actual_amount) as variance_amount,
    CASE 
        WHEN bi.planned_total = 0 THEN 0
        ELSE ((bi.actual_amount - bi.planned_total) / bi.planned_total) * 100 
    END as variance_percentage
FROM budget_items bi
JOIN shop_products p ON bi.product_id = p.id;

-- 4. ENABLE RLS
ALTER TABLE budgets ENABLE ROW LEVEL SECURITY;
ALTER TABLE budget_items ENABLE ROW LEVEL SECURITY;

DO $$
DECLARE
    tbl TEXT;
BEGIN
    FOR tbl IN SELECT unnest(ARRAY['budgets', 'budget_items'])
    LOOP
        EXECUTE format('DROP POLICY IF EXISTS tenant_isolation ON %I', tbl);
        EXECUTE format(
            'CREATE POLICY tenant_isolation ON %I FOR ALL USING (tenant_id = get_current_tenant_id()) WITH CHECK (tenant_id = get_current_tenant_id())',
            tbl
        );
    END LOOP;
END $$;

-- 5. INDEXES
CREATE INDEX IF NOT EXISTS idx_budgets_tenant_customer ON budgets(tenant_id, customer_id);
CREATE INDEX IF NOT EXISTS idx_budget_items_budget ON budget_items(budget_id);

-- -----------------------------------------------------------------------------
-- Source: 008-forecast-engine.sql
-- -----------------------------------------------------------------------------
-- ============================================================================
-- MIGRATION 008: Budget Intelligence & Forecast Engine
-- ============================================================================

-- 1. FORECAST RUNS TABLE
CREATE TABLE IF NOT EXISTS forecast_runs (
    id TEXT PRIMARY KEY DEFAULT uuid_generate_v4()::text,
    tenant_id TEXT NOT NULL REFERENCES tenants(id) ON DELETE CASCADE,
    forecast_month INTEGER NOT NULL,
    forecast_year INTEGER NOT NULL,
    generated_at TIMESTAMP NOT NULL DEFAULT NOW(),
    confidence_score DECIMAL(5, 2) DEFAULT 0,
    total_projected_revenue DECIMAL(15, 2) DEFAULT 0,
    total_projected_profit DECIMAL(15, 2) DEFAULT 0,
    status TEXT NOT NULL DEFAULT 'Active',
    UNIQUE(tenant_id, forecast_month, forecast_year)
);

-- 2. PRODUCT FORECASTS TABLE
CREATE TABLE IF NOT EXISTS product_forecasts (
    id TEXT PRIMARY KEY DEFAULT uuid_generate_v4()::text,
    forecast_id TEXT NOT NULL REFERENCES forecast_runs(id) ON DELETE CASCADE,
    tenant_id TEXT NOT NULL REFERENCES tenants(id) ON DELETE CASCADE,
    product_id TEXT NOT NULL REFERENCES shop_products(id) ON DELETE CASCADE,
    forecast_quantity DECIMAL(15, 2) NOT NULL DEFAULT 0,
    forecast_revenue DECIMAL(15, 2) NOT NULL DEFAULT 0,
    forecast_profit DECIMAL(15, 2) NOT NULL DEFAULT 0,
    historical_avg_quantity DECIMAL(15, 2) DEFAULT 0,
    planned_quantity DECIMAL(15, 2) DEFAULT 0,
    stock_risk_level TEXT DEFAULT 'Normal', -- 'Stock-Out', 'Overstock', 'Normal'
    stock_out_risk_percent DECIMAL(5, 2) DEFAULT 0,
    overstock_risk_percent DECIMAL(5, 2) DEFAULT 0,
    reorder_recommendation DECIMAL(15, 2) DEFAULT 0,
    created_at TIMESTAMP NOT NULL DEFAULT NOW(),
    UNIQUE(forecast_id, product_id)
);

-- 3. CATEGORY FORECASTS TABLE
CREATE TABLE IF NOT EXISTS category_forecasts (
    id TEXT PRIMARY KEY DEFAULT uuid_generate_v4()::text,
    forecast_id TEXT NOT NULL REFERENCES forecast_runs(id) ON DELETE CASCADE,
    tenant_id TEXT NOT NULL REFERENCES tenants(id) ON DELETE CASCADE,
    category_id TEXT NOT NULL REFERENCES categories(id) ON DELETE CASCADE,
    forecast_revenue DECIMAL(15, 2) NOT NULL DEFAULT 0,
    forecast_profit DECIMAL(15, 2) NOT NULL DEFAULT 0,
    demand_growth_percent DECIMAL(5, 2) DEFAULT 0,
    UNIQUE(forecast_id, category_id)
);

-- 4. CASH FLOW FORECASTS TABLE
CREATE TABLE IF NOT EXISTS cash_flow_forecasts (
    id TEXT PRIMARY KEY DEFAULT uuid_generate_v4()::text,
    forecast_id TEXT NOT NULL REFERENCES forecast_runs(id) ON DELETE CASCADE,
    tenant_id TEXT NOT NULL REFERENCES tenants(id) ON DELETE CASCADE,
    projected_inflow DECIMAL(15, 2) DEFAULT 0,
    projected_outflow DECIMAL(15, 2) DEFAULT 0,
    working_capital_requirement DECIMAL(15, 2) DEFAULT 0,
    liquidity_risk_level TEXT DEFAULT 'Low', -- 'Low', 'Medium', 'High'
    UNIQUE(forecast_id)
);

-- 5. ENABLE RLS
ALTER TABLE forecast_runs ENABLE ROW LEVEL SECURITY;
ALTER TABLE product_forecasts ENABLE ROW LEVEL SECURITY;
ALTER TABLE category_forecasts ENABLE ROW LEVEL SECURITY;
ALTER TABLE cash_flow_forecasts ENABLE ROW LEVEL SECURITY;

DO $$
DECLARE
    tbl TEXT;
BEGIN
    FOR tbl IN SELECT unnest(ARRAY['forecast_runs', 'product_forecasts', 'category_forecasts', 'cash_flow_forecasts'])
    LOOP
        EXECUTE format('DROP POLICY IF EXISTS tenant_isolation ON %I', tbl);
        EXECUTE format(
            'CREATE POLICY tenant_isolation ON %I FOR ALL USING (tenant_id = get_current_tenant_id()) WITH CHECK (tenant_id = get_current_tenant_id())',
            tbl
        );
    END LOOP;
END $$;

-- 6. INDEXES
CREATE INDEX IF NOT EXISTS idx_forecast_runs_tenant ON forecast_runs(tenant_id);
CREATE INDEX IF NOT EXISTS idx_product_forecasts_forecast ON product_forecasts(forecast_id);
CREATE INDEX IF NOT EXISTS idx_category_forecasts_forecast ON category_forecasts(forecast_id);

-- -----------------------------------------------------------------------------
-- Source: 009-pos-optimization.sql
-- -----------------------------------------------------------------------------
-- POS Optimization Indexes and ranking support
-- PostgreSQL / SQLite

-- 1. Search Indexes
CREATE INDEX IF NOT EXISTS idx_shop_products_name ON shop_products(tenant_id, name);
CREATE INDEX IF NOT EXISTS idx_shop_products_barcode ON shop_products(tenant_id, barcode);
CREATE INDEX IF NOT EXISTS idx_shop_products_category_id ON shop_products(tenant_id, category_id);

-- 2. Performance Indexes for sales ranking
CREATE INDEX IF NOT EXISTS idx_shop_sale_items_product_id ON shop_sale_items(tenant_id, product_id);
CREATE INDEX IF NOT EXISTS idx_shop_sales_created_at ON shop_sales(tenant_id, created_at);

-- 3. Add popularity score column for fast ranking (denormalized)
ALTER TABLE shop_products ADD COLUMN IF NOT EXISTS popularity_score INTEGER DEFAULT 0;
CREATE INDEX IF NOT EXISTS idx_shop_products_popularity ON shop_products(tenant_id, popularity_score DESC);

-- 4. Initial update for popularity score (last 30 days)
-- This is a one-time update, future updates should be handled by a trigger or periodic chore
-- For now, let's just make sure the column exists and is indexed.

-- -----------------------------------------------------------------------------
-- Source: 010-tenant-branding.sql
-- -----------------------------------------------------------------------------
CREATE TABLE IF NOT EXISTS tenant_branding (
    id TEXT PRIMARY KEY DEFAULT uuid_generate_v4(),
    tenant_id TEXT NOT NULL UNIQUE REFERENCES tenants(id) ON DELETE CASCADE,
    logo_url TEXT,
    logo_dark_url TEXT,
    primary_color TEXT DEFAULT '#3b82f6',
    secondary_color TEXT DEFAULT '#10b981',
    accent_color TEXT DEFAULT '#f59e0b',
    font_family TEXT DEFAULT 'system-ui',
    theme_mode TEXT DEFAULT 'light',
    created_at TIMESTAMP NOT NULL DEFAULT NOW(),
    updated_at TIMESTAMP NOT NULL DEFAULT NOW()
);

-- Enable RLS for this table
ALTER TABLE tenant_branding ENABLE ROW LEVEL SECURITY;

-- Add tenant isolation policy
DROP POLICY IF EXISTS tenant_isolation ON tenant_branding;
CREATE POLICY tenant_isolation ON tenant_branding FOR ALL USING (tenant_id = get_current_tenant_id()) WITH CHECK (tenant_id = get_current_tenant_id());

-- -----------------------------------------------------------------------------
-- Source: 013-branding-geo.sql
-- -----------------------------------------------------------------------------
-- Add address and geo coordinates to tenant_branding
ALTER TABLE tenant_branding ADD COLUMN IF NOT EXISTS address TEXT;
ALTER TABLE tenant_branding ADD COLUMN IF NOT EXISTS lat DECIMAL(10, 8);
ALTER TABLE tenant_branding ADD COLUMN IF NOT EXISTS lng DECIMAL(11, 8);

-- -----------------------------------------------------------------------------
-- Source: 014-product-filtering-enhancements.sql
-- -----------------------------------------------------------------------------
-- ============================================================================
-- MIGRATION 014: Product Selection & Filtering Enhancements
-- ============================================================================

-- 1. Category Hierarchy (Subcategories)
ALTER TABLE categories ADD COLUMN IF NOT EXISTS parent_id TEXT REFERENCES categories(id) ON DELETE CASCADE;
CREATE INDEX IF NOT EXISTS idx_categories_parent ON categories(parent_id);

-- 2. Product Brands
CREATE TABLE IF NOT EXISTS shop_brands (
    id TEXT PRIMARY KEY DEFAULT uuid_generate_v4()::text,
    tenant_id TEXT NOT NULL REFERENCES tenants(id) ON DELETE CASCADE,
    name TEXT NOT NULL,
    logo_url TEXT,
    is_active BOOLEAN DEFAULT TRUE,
    created_at TIMESTAMP NOT NULL DEFAULT NOW(),
    updated_at TIMESTAMP NOT NULL DEFAULT NOW(),
    UNIQUE(tenant_id, name)
);
CREATE INDEX IF NOT EXISTS idx_shop_brands_tenant ON shop_brands(tenant_id);

-- 3. Enhance Shop Products
ALTER TABLE shop_products
    ADD COLUMN IF NOT EXISTS brand_id TEXT REFERENCES shop_brands(id) ON DELETE SET NULL,
    ADD COLUMN IF NOT EXISTS subcategory_id TEXT REFERENCES categories(id) ON DELETE SET NULL,
    ADD COLUMN IF NOT EXISTS rating_avg DECIMAL(3,2) DEFAULT 0,
    ADD COLUMN IF NOT EXISTS rating_count INTEGER DEFAULT 0,
    ADD COLUMN IF NOT EXISTS popularity_score INTEGER DEFAULT 0,
    ADD COLUMN IF NOT EXISTS total_sales INTEGER DEFAULT 0,
    ADD COLUMN IF NOT EXISTS discount_percentage DECIMAL(5,2) DEFAULT 0,
    ADD COLUMN IF NOT EXISTS is_on_sale BOOLEAN DEFAULT FALSE,
    ADD COLUMN IF NOT EXISTS is_pre_order BOOLEAN DEFAULT FALSE;

-- 4. Indexes for Filtering performance
CREATE INDEX IF NOT EXISTS idx_products_filter_price ON shop_products(tenant_id, mobile_price) WHERE mobile_visible = TRUE;
CREATE INDEX IF NOT EXISTS idx_products_filter_category ON shop_products(tenant_id, category_id) WHERE mobile_visible = TRUE;
CREATE INDEX IF NOT EXISTS idx_products_filter_subcategory ON shop_products(tenant_id, subcategory_id) WHERE mobile_visible = TRUE;
CREATE INDEX IF NOT EXISTS idx_products_filter_brand ON shop_products(tenant_id, brand_id) WHERE mobile_visible = TRUE;
CREATE INDEX IF NOT EXISTS idx_products_filter_sale ON shop_products(tenant_id, is_on_sale) WHERE is_on_sale = TRUE;

-- 5. Row Level Security for Brands
ALTER TABLE shop_brands ENABLE ROW LEVEL SECURITY;
DO $$
BEGIN
    IF NOT EXISTS (SELECT 1 FROM pg_policies WHERE tablename = 'shop_brands' AND policyname = 'tenant_isolation') THEN
        CREATE POLICY tenant_isolation ON shop_brands FOR ALL USING (tenant_id = get_current_tenant_id()) WITH CHECK (tenant_id = get_current_tenant_id());
    END IF;
END $$;

-- -----------------------------------------------------------------------------
-- Source: 015-account-uniqueness-and-linking.sql
-- -----------------------------------------------------------------------------
-- 015: Account uniqueness constraints + bank account ↔ chart-of-accounts linking
-- Ensures account names and codes are unique per tenant,
-- and every shop_bank_account maps to a chart-of-accounts entry.

-- 1. Add description column to accounts (frontend already sends it)
ALTER TABLE accounts ADD COLUMN IF NOT EXISTS description TEXT;

-- 2. Deduplicate accounts before adding uniqueness constraints.
--    Keeps the oldest account per (tenant_id, LOWER(name)) and
--    re-points ledger_entries to the surviving record.
DO $$
DECLARE
  dup RECORD;
BEGIN
  FOR dup IN
    SELECT tenant_id, LOWER(name) AS lname,
           MIN(created_at) AS keep_ts
    FROM accounts
    GROUP BY tenant_id, LOWER(name)
    HAVING COUNT(*) > 1
  LOOP
    -- Re-point ledger_entries from duplicates to the surviving account
    UPDATE ledger_entries
    SET account_id = (
      SELECT id FROM accounts
      WHERE tenant_id = dup.tenant_id AND LOWER(name) = dup.lname
      ORDER BY created_at ASC LIMIT 1
    )
    WHERE account_id IN (
      SELECT id FROM accounts
      WHERE tenant_id = dup.tenant_id AND LOWER(name) = dup.lname
      ORDER BY created_at ASC OFFSET 1
    );

    -- Delete the duplicate rows (keep the earliest)
    DELETE FROM accounts
    WHERE id IN (
      SELECT id FROM accounts
      WHERE tenant_id = dup.tenant_id AND LOWER(name) = dup.lname
      ORDER BY created_at ASC OFFSET 1
    );
  END LOOP;
END $$;

-- 3. Unique constraint: account name per tenant (case-insensitive)
--    Prevents duplicate account names within the same tenant.
CREATE UNIQUE INDEX IF NOT EXISTS idx_accounts_tenant_name_unique
  ON accounts (tenant_id, LOWER(name));

-- 4. Unique constraint: account code per tenant (where code is not null)
--    Prevents duplicate account codes within the same tenant.
CREATE UNIQUE INDEX IF NOT EXISTS idx_accounts_tenant_code_unique
  ON accounts (tenant_id, code) WHERE code IS NOT NULL AND code <> '';

-- 5. Link bank accounts to their chart-of-accounts entry
ALTER TABLE shop_bank_accounts
  ADD COLUMN IF NOT EXISTS chart_account_id TEXT REFERENCES accounts(id);

-- 6. For existing bank accounts that have no linked chart account,
--    create matching entries in the accounts table and link them.
--    This DO block runs once during migration.
DO $$
DECLARE
  ba RECORD;
  new_acc_id TEXT;
  acc_type TEXT;
  acc_code TEXT;
  seq INT;
BEGIN
  FOR ba IN
    SELECT id, tenant_id, name, account_type
    FROM shop_bank_accounts
    WHERE chart_account_id IS NULL
  LOOP
    -- Determine account code based on bank type
    IF ba.account_type = 'Cash' THEN
      acc_code := 'AST-100';
    ELSE
      acc_code := 'AST-101';
    END IF;

    -- Make code unique per bank account by appending bank id suffix
    SELECT COUNT(*) INTO seq
    FROM accounts
    WHERE tenant_id = ba.tenant_id AND code LIKE acc_code || '%';

    IF seq > 0 THEN
      acc_code := acc_code || '-' || (seq + 1)::TEXT;
    END IF;

    -- Check if an account with this name already exists for this tenant
    SELECT id INTO new_acc_id
    FROM accounts
    WHERE tenant_id = ba.tenant_id AND LOWER(name) = LOWER(ba.name)
    LIMIT 1;

    IF new_acc_id IS NULL THEN
      new_acc_id := uuid_generate_v4()::TEXT;
      INSERT INTO accounts (id, tenant_id, name, code, type, balance, is_active, description)
      VALUES (new_acc_id, ba.tenant_id, ba.name, acc_code, 'Asset', 0, TRUE,
              'Auto-linked from bank account: ' || ba.name);
    END IF;

    UPDATE shop_bank_accounts SET chart_account_id = new_acc_id WHERE id = ba.id;
  END LOOP;
END $$;

-- -----------------------------------------------------------------------------
-- Source: 016-dedupe-cash-accounts.sql
-- -----------------------------------------------------------------------------
-- 016: Merge duplicate Cash accounts in chart of accounts and remove extras
-- Keeps the account linked from shop_bank_accounts (if any), or the oldest by created_at.
-- Re-points all ledger_entries to the kept account, then deletes the duplicate(s).

DO $$
DECLARE
  r RECORD;
  canonical_id TEXT;
BEGIN
  FOR r IN
    SELECT tenant_id
    FROM accounts
    WHERE (LOWER(TRIM(name)) IN ('cash', 'main cash account') OR code LIKE 'AST-100%')
    GROUP BY tenant_id
    HAVING COUNT(*) > 1
  LOOP
    -- Canonical = the one linked from a Cash-type bank account, or else the oldest
    SELECT a.id INTO canonical_id
    FROM accounts a
    LEFT JOIN shop_bank_accounts sba ON sba.chart_account_id = a.id AND sba.tenant_id = a.tenant_id AND sba.account_type = 'Cash'
    WHERE a.tenant_id = r.tenant_id
      AND (LOWER(TRIM(a.name)) IN ('cash', 'main cash account') OR a.code LIKE 'AST-100%')
    ORDER BY (sba.id IS NOT NULL) DESC, a.created_at ASC
    LIMIT 1;

    IF canonical_id IS NULL THEN
      CONTINUE;
    END IF;

    -- Re-point ledger_entries from all other Cash accounts to the canonical one
    UPDATE ledger_entries
    SET account_id = canonical_id
    WHERE tenant_id = r.tenant_id
      AND account_id IN (
        SELECT id FROM accounts
        WHERE tenant_id = r.tenant_id
          AND (LOWER(TRIM(name)) IN ('cash', 'main cash account') OR code LIKE 'AST-100%')
          AND id <> canonical_id
      );

    -- Delete the duplicate account row(s)
    DELETE FROM accounts
    WHERE tenant_id = r.tenant_id
      AND (LOWER(TRIM(name)) IN ('cash', 'main cash account') OR code LIKE 'AST-100%')
      AND id <> canonical_id;
  END LOOP;
END $$;

-- -----------------------------------------------------------------------------
-- Source: 017-expense-management.sql
-- -----------------------------------------------------------------------------
-- Expense Management Module
-- Tables: expense_categories, expenses, recurring_expenses

-- Expense categories (system + custom), linked to Chart of Accounts
CREATE TABLE IF NOT EXISTS expense_categories (
    id TEXT PRIMARY KEY DEFAULT uuid_generate_v4(),
    tenant_id TEXT NOT NULL REFERENCES tenants(id) ON DELETE CASCADE,
    name TEXT NOT NULL,
    account_id TEXT NOT NULL REFERENCES accounts(id),
    is_system BOOLEAN DEFAULT FALSE,
    sort_order INTEGER DEFAULT 0,
    created_at TIMESTAMP NOT NULL DEFAULT NOW(),
    updated_at TIMESTAMP NOT NULL DEFAULT NOW()
);

CREATE INDEX IF NOT EXISTS idx_expense_categories_tenant ON expense_categories(tenant_id);
CREATE UNIQUE INDEX IF NOT EXISTS idx_expense_categories_tenant_name ON expense_categories(tenant_id, LOWER(name));

-- Main expenses table
CREATE TABLE IF NOT EXISTS expenses (
    id TEXT PRIMARY KEY DEFAULT uuid_generate_v4(),
    tenant_id TEXT NOT NULL REFERENCES tenants(id) ON DELETE CASCADE,
    branch_id TEXT REFERENCES shop_branches(id) ON DELETE SET NULL,
    category_id TEXT NOT NULL REFERENCES expense_categories(id),
    vendor_id TEXT REFERENCES shop_vendors(id) ON DELETE SET NULL,
    payee_name TEXT,
    amount NUMERIC(15, 2) NOT NULL CHECK (amount > 0),
    payment_account_id TEXT REFERENCES shop_bank_accounts(id) ON DELETE SET NULL,
    expense_date DATE NOT NULL,
    description TEXT,
    attachment_url TEXT,
    status TEXT NOT NULL DEFAULT 'paid' CHECK (status IN ('paid', 'unpaid')),
    payment_method TEXT NOT NULL DEFAULT 'Cash' CHECK (payment_method IN ('Cash', 'Bank', 'Credit')),
    recurring_id TEXT,
    reference_number TEXT,
    tax_amount NUMERIC(15, 2) DEFAULT 0,
    journal_entry_id TEXT REFERENCES journal_entries(id) ON DELETE SET NULL,
    created_by TEXT,
    created_at TIMESTAMP NOT NULL DEFAULT NOW(),
    updated_at TIMESTAMP NOT NULL DEFAULT NOW()
);

CREATE INDEX IF NOT EXISTS idx_expenses_tenant ON expenses(tenant_id);
CREATE INDEX IF NOT EXISTS idx_expenses_tenant_date ON expenses(tenant_id, expense_date);
CREATE INDEX IF NOT EXISTS idx_expenses_category ON expenses(category_id);
CREATE INDEX IF NOT EXISTS idx_expenses_recurring ON expenses(recurring_id);
CREATE INDEX IF NOT EXISTS idx_expenses_journal ON expenses(journal_entry_id);

-- Recurring expense definitions
CREATE TABLE IF NOT EXISTS recurring_expenses (
    id TEXT PRIMARY KEY DEFAULT uuid_generate_v4(),
    tenant_id TEXT NOT NULL REFERENCES tenants(id) ON DELETE CASCADE,
    category_id TEXT NOT NULL REFERENCES expense_categories(id),
    amount NUMERIC(15, 2) NOT NULL CHECK (amount > 0),
    frequency TEXT NOT NULL CHECK (frequency IN ('weekly', 'monthly', 'yearly')),
    next_run_date DATE NOT NULL,
    auto_generate BOOLEAN DEFAULT TRUE,
    last_generated_at TIMESTAMP,
    payee_name TEXT,
    payment_account_id TEXT REFERENCES shop_bank_accounts(id) ON DELETE SET NULL,
    payment_method TEXT DEFAULT 'Bank',
    description TEXT,
    created_at TIMESTAMP NOT NULL DEFAULT NOW(),
    updated_at TIMESTAMP NOT NULL DEFAULT NOW()
);

CREATE INDEX IF NOT EXISTS idx_recurring_expenses_tenant ON recurring_expenses(tenant_id);
CREATE INDEX IF NOT EXISTS idx_recurring_expenses_next_run ON recurring_expenses(tenant_id, next_run_date);

-- RLS (PostgreSQL only; stripped for SQLite by run-migrations)
ALTER TABLE expense_categories ENABLE ROW LEVEL SECURITY;
DROP POLICY IF EXISTS tenant_isolation ON expense_categories;
CREATE POLICY tenant_isolation ON expense_categories FOR ALL USING (tenant_id = get_current_tenant_id()) WITH CHECK (tenant_id = get_current_tenant_id());

ALTER TABLE expenses ENABLE ROW LEVEL SECURITY;
DROP POLICY IF EXISTS tenant_isolation ON expenses;
CREATE POLICY tenant_isolation ON expenses FOR ALL USING (tenant_id = get_current_tenant_id()) WITH CHECK (tenant_id = get_current_tenant_id());

ALTER TABLE recurring_expenses ENABLE ROW LEVEL SECURITY;
DROP POLICY IF EXISTS tenant_isolation ON recurring_expenses;
CREATE POLICY tenant_isolation ON recurring_expenses FOR ALL USING (tenant_id = get_current_tenant_id()) WITH CHECK (tenant_id = get_current_tenant_id());

-- -----------------------------------------------------------------------------
-- Source: 018-procurement-supplier-payments.sql
-- -----------------------------------------------------------------------------
-- Procurement & Supplier Payment Accounting
-- Purchase bills, supplier payments, inventory valuation (weighted average), AP ledger

-- 1. Purchase bills (supplier invoices)
CREATE TABLE IF NOT EXISTS purchase_bills (
    id TEXT PRIMARY KEY DEFAULT uuid_generate_v4(),
    tenant_id TEXT NOT NULL REFERENCES tenants(id) ON DELETE CASCADE,
    supplier_id TEXT NOT NULL REFERENCES shop_vendors(id) ON DELETE RESTRICT,
    bill_number TEXT NOT NULL,
    bill_date TIMESTAMP NOT NULL DEFAULT NOW(),
    due_date TIMESTAMP,
    subtotal DECIMAL(15, 2) NOT NULL DEFAULT 0,
    tax_total DECIMAL(15, 2) NOT NULL DEFAULT 0,
    total_amount DECIMAL(15, 2) NOT NULL DEFAULT 0,
    paid_amount DECIMAL(15, 2) NOT NULL DEFAULT 0,
    balance_due DECIMAL(15, 2) NOT NULL DEFAULT 0,
    status TEXT NOT NULL DEFAULT 'Posted',
    notes TEXT,
    created_at TIMESTAMP NOT NULL DEFAULT NOW(),
    updated_at TIMESTAMP NOT NULL DEFAULT NOW()
);

CREATE INDEX IF NOT EXISTS idx_purchase_bills_tenant ON purchase_bills(tenant_id);
CREATE INDEX IF NOT EXISTS idx_purchase_bills_supplier ON purchase_bills(tenant_id, supplier_id);
CREATE INDEX IF NOT EXISTS idx_purchase_bills_bill_date ON purchase_bills(tenant_id, bill_date);

-- 2. Purchase bill line items
CREATE TABLE IF NOT EXISTS purchase_bill_items (
    id TEXT PRIMARY KEY DEFAULT uuid_generate_v4(),
    tenant_id TEXT NOT NULL REFERENCES tenants(id) ON DELETE CASCADE,
    purchase_bill_id TEXT NOT NULL REFERENCES purchase_bills(id) ON DELETE CASCADE,
    product_id TEXT NOT NULL REFERENCES shop_products(id) ON DELETE RESTRICT,
    quantity DECIMAL(15, 2) NOT NULL,
    unit_cost DECIMAL(15, 2) NOT NULL,
    tax_amount DECIMAL(15, 2) DEFAULT 0,
    subtotal DECIMAL(15, 2) NOT NULL,
    created_at TIMESTAMP DEFAULT NOW()
);

CREATE INDEX IF NOT EXISTS idx_purchase_bill_items_bill ON purchase_bill_items(purchase_bill_id);

-- 3. Supplier payments
CREATE TABLE IF NOT EXISTS supplier_payments (
    id TEXT PRIMARY KEY DEFAULT uuid_generate_v4(),
    tenant_id TEXT NOT NULL REFERENCES tenants(id) ON DELETE CASCADE,
    supplier_id TEXT NOT NULL REFERENCES shop_vendors(id) ON DELETE RESTRICT,
    amount DECIMAL(15, 2) NOT NULL,
    payment_method TEXT NOT NULL,
    bank_account_id TEXT REFERENCES shop_bank_accounts(id) ON DELETE SET NULL,
    payment_date TIMESTAMP NOT NULL DEFAULT NOW(),
    reference TEXT,
    notes TEXT,
    created_at TIMESTAMP NOT NULL DEFAULT NOW()
);

CREATE INDEX IF NOT EXISTS idx_supplier_payments_tenant ON supplier_payments(tenant_id);
CREATE INDEX IF NOT EXISTS idx_supplier_payments_supplier ON supplier_payments(tenant_id, supplier_id);

-- 4. Allocation: which payment applies to which bill
CREATE TABLE IF NOT EXISTS purchase_bill_payments (
    id TEXT PRIMARY KEY DEFAULT uuid_generate_v4(),
    tenant_id TEXT NOT NULL REFERENCES tenants(id) ON DELETE CASCADE,
    purchase_bill_id TEXT NOT NULL REFERENCES purchase_bills(id) ON DELETE CASCADE,
    supplier_payment_id TEXT NOT NULL REFERENCES supplier_payments(id) ON DELETE CASCADE,
    amount DECIMAL(15, 2) NOT NULL,
    created_at TIMESTAMP DEFAULT NOW()
);

CREATE INDEX IF NOT EXISTS idx_purchase_bill_payments_bill ON purchase_bill_payments(purchase_bill_id);
CREATE INDEX IF NOT EXISTS idx_purchase_bill_payments_payment ON purchase_bill_payments(supplier_payment_id);

-- 5. Product weighted average cost (for COGS and inventory valuation)
ALTER TABLE shop_products ADD COLUMN IF NOT EXISTS average_cost DECIMAL(15, 2) DEFAULT 0;

-- 6. Inventory movements: unit_cost and total_cost for purchase/sale audit
ALTER TABLE shop_inventory_movements ADD COLUMN IF NOT EXISTS unit_cost DECIMAL(15, 2);
ALTER TABLE shop_inventory_movements ADD COLUMN IF NOT EXISTS total_cost DECIMAL(15, 2);

-- RLS (PostgreSQL only; stripped for SQLite by run-migrations)
ALTER TABLE purchase_bills ENABLE ROW LEVEL SECURITY;
DROP POLICY IF EXISTS tenant_isolation ON purchase_bills;
CREATE POLICY tenant_isolation ON purchase_bills FOR ALL USING (tenant_id = get_current_tenant_id()) WITH CHECK (tenant_id = get_current_tenant_id());

ALTER TABLE purchase_bill_items ENABLE ROW LEVEL SECURITY;
DROP POLICY IF EXISTS tenant_isolation ON purchase_bill_items;
CREATE POLICY tenant_isolation ON purchase_bill_items FOR ALL USING (tenant_id = get_current_tenant_id()) WITH CHECK (tenant_id = get_current_tenant_id());

ALTER TABLE supplier_payments ENABLE ROW LEVEL SECURITY;
DROP POLICY IF EXISTS tenant_isolation ON supplier_payments;
CREATE POLICY tenant_isolation ON supplier_payments FOR ALL USING (tenant_id = get_current_tenant_id()) WITH CHECK (tenant_id = get_current_tenant_id());

ALTER TABLE purchase_bill_payments ENABLE ROW LEVEL SECURITY;
DROP POLICY IF EXISTS tenant_isolation ON purchase_bill_payments;
CREATE POLICY tenant_isolation ON purchase_bill_payments FOR ALL USING (tenant_id = get_current_tenant_id()) WITH CHECK (tenant_id = get_current_tenant_id());

-- -----------------------------------------------------------------------------
-- Source: 019-enterprise-chart-of-accounts.sql
-- -----------------------------------------------------------------------------
-- 019: Enterprise Chart of Accounts – schema and structure
-- Adds parent_account_id, normal_balance, level for hierarchical CoA.
-- Default CoA is seeded per-tenant via application (coaSeedService) on registration or first use.

-- 1. Add new columns to accounts (multi-tenant, double-entry, IFRS-style)
ALTER TABLE accounts ADD COLUMN IF NOT EXISTS parent_account_id TEXT REFERENCES accounts(id) ON DELETE SET NULL;
ALTER TABLE accounts ADD COLUMN IF NOT EXISTS normal_balance TEXT CHECK (normal_balance IN ('debit', 'credit'));
ALTER TABLE accounts ADD COLUMN IF NOT EXISTS level INT CHECK (level >= 1 AND level <= 4);

-- 2. Index for hierarchy and lookups
CREATE INDEX IF NOT EXISTS idx_accounts_parent ON accounts(parent_account_id);
CREATE INDEX IF NOT EXISTS idx_accounts_tenant_level ON accounts(tenant_id, level);

-- 3. Backfill normal_balance from type for existing rows (so reporting still works)
UPDATE accounts
SET normal_balance = CASE
  WHEN type IN ('Asset', 'Expense') THEN 'debit'
  WHEN type IN ('Liability', 'Equity', 'Income') THEN 'credit'
  ELSE NULL
END
WHERE normal_balance IS NULL AND type IS NOT NULL;

-- 4. Comment for clarity (optional)
COMMENT ON COLUMN accounts.parent_account_id IS 'Parent in CoA hierarchy; NULL for root. Posting only to leaf accounts.';
COMMENT ON COLUMN accounts.normal_balance IS 'debit or credit – normal balance for this account type';
COMMENT ON COLUMN accounts.level IS '1=root (e.g. 10000), 2=group, 3=subgroup, 4=leaf (postable)';

-- -----------------------------------------------------------------------------
-- Source: 020-branch-slug.sql
-- -----------------------------------------------------------------------------
-- ============================================================================
-- MIGRATION 020: Branch URL slug for mobile ordering (QR per branch)
-- ============================================================================
-- Links shop_branches to a unique URL slug so each branch can have its own
-- QR code; mobile users scanning the QR at a branch door get orders routed
-- to that branch's POS.

ALTER TABLE shop_branches
    ADD COLUMN IF NOT EXISTS slug TEXT;

-- Unique slug globally (one slug = one branch)
CREATE UNIQUE INDEX IF NOT EXISTS idx_shop_branches_slug ON shop_branches(slug) WHERE slug IS NOT NULL;

-- Backfill: set first branch of each tenant to tenant's slug (preserve existing behavior)
DO $$
DECLARE
    r RECORD;
    first_branch_id TEXT;
BEGIN
    FOR r IN SELECT id, slug FROM tenants WHERE slug IS NOT NULL
    LOOP
        SELECT id INTO first_branch_id
        FROM shop_branches
        WHERE tenant_id = r.id
        ORDER BY name ASC
        LIMIT 1;
        IF first_branch_id IS NOT NULL THEN
            UPDATE shop_branches SET slug = r.slug WHERE id = first_branch_id AND slug IS NULL;
        END IF;
    END LOOP;
END $$;

-- -----------------------------------------------------------------------------
-- Source: 021-cashier-shifts.sql
-- -----------------------------------------------------------------------------
-- Cashier Shifts & Cash Handover Module
-- Tables: cashier_shifts, cash_handover_logs; link sales to shift

-- Shifts: one row per cashier terminal session
CREATE TABLE IF NOT EXISTS cashier_shifts (
    id TEXT PRIMARY KEY DEFAULT uuid_generate_v4(),
    tenant_id TEXT NOT NULL REFERENCES tenants(id) ON DELETE CASCADE,
    cashier_id TEXT NOT NULL REFERENCES users(id) ON DELETE CASCADE,
    terminal_id TEXT NOT NULL REFERENCES shop_terminals(id) ON DELETE CASCADE,
    opening_cash DECIMAL(15, 2) NOT NULL DEFAULT 0,
    opening_time TIMESTAMP NOT NULL DEFAULT NOW(),
    closing_cash_expected DECIMAL(15, 2),
    closing_cash_actual DECIMAL(15, 2),
    variance_amount DECIMAL(15, 2),
    variance_reason TEXT,
    status TEXT NOT NULL DEFAULT 'open' CHECK (status IN ('open', 'closed')),
    handed_over_to TEXT REFERENCES users(id) ON DELETE SET NULL,
    closing_time TIMESTAMP,
    created_at TIMESTAMP NOT NULL DEFAULT NOW(),
    updated_at TIMESTAMP NOT NULL DEFAULT NOW(),
    reopened_by TEXT REFERENCES users(id) ON DELETE SET NULL,
    reopened_at TIMESTAMP
);

CREATE INDEX IF NOT EXISTS idx_cashier_shifts_tenant_cashier ON cashier_shifts(tenant_id, cashier_id);
CREATE INDEX IF NOT EXISTS idx_cashier_shifts_tenant_terminal ON cashier_shifts(tenant_id, terminal_id);
CREATE INDEX IF NOT EXISTS idx_cashier_shifts_tenant_status ON cashier_shifts(tenant_id, status);
CREATE INDEX IF NOT EXISTS idx_cashier_shifts_opening_time ON cashier_shifts(opening_time);

-- Cash handover log: record when cash is handed to next cashier or admin
CREATE TABLE IF NOT EXISTS cash_handover_logs (
    id TEXT PRIMARY KEY DEFAULT uuid_generate_v4(),
    tenant_id TEXT NOT NULL REFERENCES tenants(id) ON DELETE CASCADE,
    shift_id TEXT NOT NULL REFERENCES cashier_shifts(id) ON DELETE CASCADE,
    from_cashier_id TEXT NOT NULL REFERENCES users(id) ON DELETE CASCADE,
    to_user_id TEXT NOT NULL REFERENCES users(id) ON DELETE CASCADE,
    amount DECIMAL(15, 2) NOT NULL,
    recorded_at TIMESTAMP NOT NULL DEFAULT NOW(),
    verified BOOLEAN NOT NULL DEFAULT FALSE,
    verified_by TEXT REFERENCES users(id) ON DELETE SET NULL,
    verified_at TIMESTAMP,
    notes TEXT,
    created_at TIMESTAMP NOT NULL DEFAULT NOW()
);

CREATE INDEX IF NOT EXISTS idx_cash_handover_logs_shift ON cash_handover_logs(shift_id);
CREATE INDEX IF NOT EXISTS idx_cash_handover_logs_tenant ON cash_handover_logs(tenant_id);

-- Link sales to shift so dashboard can filter by active shift
ALTER TABLE shop_sales ADD COLUMN IF NOT EXISTS shift_id TEXT REFERENCES cashier_shifts(id) ON DELETE SET NULL;
CREATE INDEX IF NOT EXISTS idx_shop_sales_shift ON shop_sales(shift_id);

-- Shift expenses (petty cash / expenses recorded during shift) - optional table for future use
CREATE TABLE IF NOT EXISTS shift_expenses (
    id TEXT PRIMARY KEY DEFAULT uuid_generate_v4(),
    tenant_id TEXT NOT NULL REFERENCES tenants(id) ON DELETE CASCADE,
    shift_id TEXT NOT NULL REFERENCES cashier_shifts(id) ON DELETE CASCADE,
    amount DECIMAL(15, 2) NOT NULL CHECK (amount > 0),
    description TEXT,
    expense_category_id TEXT REFERENCES expense_categories(id) ON DELETE SET NULL,
    recorded_by TEXT NOT NULL REFERENCES users(id) ON DELETE CASCADE,
    recorded_at TIMESTAMP NOT NULL DEFAULT NOW(),
    created_at TIMESTAMP NOT NULL DEFAULT NOW()
);

CREATE INDEX IF NOT EXISTS idx_shift_expenses_shift ON shift_expenses(shift_id);

-- RLS (PostgreSQL only)
DO $$
BEGIN
  IF EXISTS (SELECT 1 FROM pg_tables WHERE tablename = 'cashier_shifts') THEN
    ALTER TABLE cashier_shifts ENABLE ROW LEVEL SECURITY;
    DROP POLICY IF EXISTS tenant_isolation ON cashier_shifts;
    CREATE POLICY tenant_isolation ON cashier_shifts FOR ALL USING (tenant_id = get_current_tenant_id()) WITH CHECK (tenant_id = get_current_tenant_id());
  END IF;
END $$;

DO $$
BEGIN
  IF EXISTS (SELECT 1 FROM pg_tables WHERE tablename = 'cash_handover_logs') THEN
    ALTER TABLE cash_handover_logs ENABLE ROW LEVEL SECURITY;
    DROP POLICY IF EXISTS tenant_isolation ON cash_handover_logs;
    CREATE POLICY tenant_isolation ON cash_handover_logs FOR ALL USING (tenant_id = get_current_tenant_id()) WITH CHECK (tenant_id = get_current_tenant_id());
  END IF;
END $$;

DO $$
BEGIN
  IF EXISTS (SELECT 1 FROM pg_tables WHERE tablename = 'shift_expenses') THEN
    ALTER TABLE shift_expenses ENABLE ROW LEVEL SECURITY;
    DROP POLICY IF EXISTS tenant_isolation ON shift_expenses;
    CREATE POLICY tenant_isolation ON shift_expenses FOR ALL USING (tenant_id = get_current_tenant_id()) WITH CHECK (tenant_id = get_current_tenant_id());
  END IF;
END $$;

-- -----------------------------------------------------------------------------
-- Source: 022-pos-settings.sql
-- -----------------------------------------------------------------------------
-- POS Settings
CREATE TABLE IF NOT EXISTS pos_settings (
    id TEXT PRIMARY KEY DEFAULT uuid_generate_v4(),
    tenant_id TEXT NOT NULL REFERENCES tenants(id) ON DELETE CASCADE,
    auto_print_receipt BOOLEAN NOT NULL DEFAULT TRUE,
    default_printer_name TEXT,
    receipt_copies INTEGER NOT NULL DEFAULT 1,
    created_at TIMESTAMP NOT NULL DEFAULT NOW(),
    updated_at TIMESTAMP NOT NULL DEFAULT NOW(),
    UNIQUE(tenant_id)
);

CREATE INDEX IF NOT EXISTS idx_pos_settings_tenant ON pos_settings(tenant_id);

DO $$
BEGIN
    EXECUTE 'ALTER TABLE pos_settings ENABLE ROW LEVEL SECURITY';
    EXECUTE 'DROP POLICY IF EXISTS tenant_isolation ON pos_settings';
    EXECUTE 'CREATE POLICY tenant_isolation ON pos_settings FOR ALL USING (tenant_id = get_current_tenant_id()) WITH CHECK (tenant_id = get_current_tenant_id())';
EXCEPTION WHEN OTHERS THEN
    RAISE NOTICE 'Error setting RLS on pos_settings: %', SQLERRM;
END $$;

-- -----------------------------------------------------------------------------
-- Source: 023-pos-receipt-settings.sql
-- -----------------------------------------------------------------------------
-- POS Receipt Settings (tenant-scoped, for configurable receipt template)
CREATE TABLE IF NOT EXISTS pos_receipt_settings (
    id TEXT PRIMARY KEY DEFAULT uuid_generate_v4(),
    tenant_id TEXT NOT NULL REFERENCES tenants(id) ON DELETE CASCADE,
    show_logo BOOLEAN NOT NULL DEFAULT FALSE,
    show_barcode BOOLEAN NOT NULL DEFAULT TRUE,
    barcode_type TEXT NOT NULL DEFAULT 'CODE128' CHECK (barcode_type IN ('CODE128', 'CODE39', 'EAN13')),
    barcode_position TEXT NOT NULL DEFAULT 'footer' CHECK (barcode_position IN ('header', 'footer')),
    receipt_width TEXT NOT NULL DEFAULT '80mm' CHECK (receipt_width IN ('58mm', '80mm')),
    show_tax_breakdown BOOLEAN NOT NULL DEFAULT FALSE,
    show_cashier_name BOOLEAN NOT NULL DEFAULT TRUE,
    show_shift_number BOOLEAN NOT NULL DEFAULT TRUE,
    footer_message TEXT,
    updated_at TIMESTAMP NOT NULL DEFAULT NOW(),
    UNIQUE(tenant_id)
);

CREATE INDEX IF NOT EXISTS idx_pos_receipt_settings_tenant ON pos_receipt_settings(tenant_id);

-- Sales: barcode value, reprint count, printed timestamp
ALTER TABLE shop_sales ADD COLUMN IF NOT EXISTS barcode_value TEXT;
ALTER TABLE shop_sales ADD COLUMN IF NOT EXISTS reprint_count INTEGER NOT NULL DEFAULT 0;
ALTER TABLE shop_sales ADD COLUMN IF NOT EXISTS printed_at TIMESTAMP;

-- Print log (optional traceability)
CREATE TABLE IF NOT EXISTS print_logs (
    id TEXT PRIMARY KEY DEFAULT uuid_generate_v4(),
    sale_id TEXT NOT NULL REFERENCES shop_sales(id) ON DELETE CASCADE,
    printed_by TEXT,
    printer_name TEXT,
    success BOOLEAN NOT NULL DEFAULT TRUE,
    error_message TEXT,
    printed_at TIMESTAMP NOT NULL DEFAULT NOW()
);

CREATE INDEX IF NOT EXISTS idx_print_logs_sale ON print_logs(sale_id);

DO $$
BEGIN
    EXECUTE 'ALTER TABLE pos_receipt_settings ENABLE ROW LEVEL SECURITY';
    EXECUTE 'DROP POLICY IF EXISTS tenant_isolation ON pos_receipt_settings';
    EXECUTE 'CREATE POLICY tenant_isolation ON pos_receipt_settings FOR ALL USING (tenant_id = get_current_tenant_id()) WITH CHECK (tenant_id = get_current_tenant_id())';
EXCEPTION WHEN OTHERS THEN
    RAISE NOTICE 'Error setting RLS on pos_receipt_settings: %', SQLERRM;
END $$;

-- -----------------------------------------------------------------------------
-- Source: 024-users-branches-app-context.sql
-- -----------------------------------------------------------------------------
-- Users-branch assignment and optional user-selected branch for multi-branch access control.
-- If users_branches has no rows for a user, they can access all branches of their tenant (current behavior).

CREATE TABLE IF NOT EXISTS users_branches (
    id TEXT PRIMARY KEY DEFAULT gen_random_uuid()::text,
    user_id TEXT NOT NULL REFERENCES users(id) ON DELETE CASCADE,
    branch_id TEXT NOT NULL REFERENCES shop_branches(id) ON DELETE CASCADE,
    role TEXT NOT NULL DEFAULT 'member',
    is_default BOOLEAN NOT NULL DEFAULT FALSE,
    created_at TIMESTAMP NOT NULL DEFAULT NOW(),
    UNIQUE(user_id, branch_id)
);

CREATE INDEX IF NOT EXISTS idx_users_branches_user_id ON users_branches(user_id);
CREATE INDEX IF NOT EXISTS idx_users_branches_branch_id ON users_branches(branch_id);

-- Optional: store user's last selected branch (client can still persist in localStorage; this allows server to return it)
ALTER TABLE users ADD COLUMN IF NOT EXISTS user_selected_branch_id TEXT REFERENCES shop_branches(id) ON DELETE SET NULL;
CREATE INDEX IF NOT EXISTS idx_users_selected_branch ON users(user_selected_branch_id);

COMMENT ON TABLE users_branches IS 'Optional: restrict user access to specific branches. Empty = access all branches of tenant.';
COMMENT ON COLUMN users.user_selected_branch_id IS 'Optional: last branch selected by user (can be used to pre-fill branch context).';

-- -----------------------------------------------------------------------------
-- Source: 025-receipt-shop-info.sql
-- -----------------------------------------------------------------------------
-- Add configurable shop information to receipt template (displayed on printed receipts)
ALTER TABLE pos_receipt_settings
  ADD COLUMN IF NOT EXISTS shop_name TEXT,
  ADD COLUMN IF NOT EXISTS shop_address TEXT,
  ADD COLUMN IF NOT EXISTS shop_phone TEXT,
  ADD COLUMN IF NOT EXISTS tax_id TEXT,
  ADD COLUMN IF NOT EXISTS logo_url TEXT;

COMMENT ON COLUMN pos_receipt_settings.shop_name IS 'Shop/business name shown on receipt header';
COMMENT ON COLUMN pos_receipt_settings.shop_address IS 'Address line(s) shown on receipt';
COMMENT ON COLUMN pos_receipt_settings.shop_phone IS 'Phone number shown on receipt';
COMMENT ON COLUMN pos_receipt_settings.tax_id IS 'Tax ID / registration number on receipt';
COMMENT ON COLUMN pos_receipt_settings.logo_url IS 'Optional logo image URL for receipt header';

-- -----------------------------------------------------------------------------
-- Source: 026-receipt-barcode-size.sql
-- -----------------------------------------------------------------------------
ALTER TABLE pos_receipt_settings
ADD COLUMN IF NOT EXISTS barcode_size VARCHAR(20) DEFAULT 'medium';

-- -----------------------------------------------------------------------------
-- Source: 027-receipt-mobile-qr.sql
-- -----------------------------------------------------------------------------
-- Add "mobile URL QR code" option to receipt template (show QR at end with "Please scan to order from home")
ALTER TABLE pos_receipt_settings
ADD COLUMN IF NOT EXISTS show_mobile_url_qr BOOLEAN NOT NULL DEFAULT FALSE;

COMMENT ON COLUMN pos_receipt_settings.show_mobile_url_qr IS 'When true, receipt shows mobile order URL QR code at end with text "Please scan to order from home"';

-- -----------------------------------------------------------------------------
-- Source: 028-purchase-bill-initial-payment-bank.sql
-- -----------------------------------------------------------------------------
-- Store which bank was used for "paid at purchase" so we can reverse accounting on edit/delete
ALTER TABLE purchase_bills ADD COLUMN IF NOT EXISTS initial_payment_bank_account_id TEXT REFERENCES shop_bank_accounts(id) ON DELETE SET NULL;

-- -----------------------------------------------------------------------------
-- Source: 029-khata-ledger.sql
-- -----------------------------------------------------------------------------
-- Khata / Loan Management (Customer Credit System)
-- New table only; no changes to existing tables.

CREATE TABLE IF NOT EXISTS khata_ledger (
    id TEXT PRIMARY KEY DEFAULT uuid_generate_v4(),
    tenant_id TEXT NOT NULL REFERENCES tenants(id) ON DELETE CASCADE,
    customer_id TEXT NOT NULL REFERENCES contacts(id) ON DELETE CASCADE,
    order_id TEXT REFERENCES shop_sales(id) ON DELETE SET NULL,
    type TEXT NOT NULL CHECK (type IN ('debit', 'credit')),
    amount DECIMAL(15, 2) NOT NULL CHECK (amount > 0),
    note TEXT,
    created_at TIMESTAMP NOT NULL DEFAULT NOW()
);

CREATE INDEX IF NOT EXISTS idx_khata_ledger_tenant ON khata_ledger(tenant_id);
CREATE INDEX IF NOT EXISTS idx_khata_ledger_customer ON khata_ledger(tenant_id, customer_id);
CREATE INDEX IF NOT EXISTS idx_khata_ledger_created ON khata_ledger(tenant_id, created_at DESC);

ALTER TABLE khata_ledger ENABLE ROW LEVEL SECURITY;
DROP POLICY IF EXISTS tenant_isolation ON khata_ledger;
CREATE POLICY tenant_isolation ON khata_ledger FOR ALL
    USING (tenant_id = get_current_tenant_id())
    WITH CHECK (tenant_id = get_current_tenant_id());

-- -----------------------------------------------------------------------------
-- Source: 030-daily-report-indexes.sql
-- -----------------------------------------------------------------------------
-- Daily report performance indexes (aligned with shop schema)

CREATE INDEX IF NOT EXISTS idx_shop_sales_tenant_created_at ON shop_sales(tenant_id, created_at);
CREATE INDEX IF NOT EXISTS idx_shop_inventory_movements_tenant_created ON shop_inventory_movements(tenant_id, created_at);
CREATE INDEX IF NOT EXISTS idx_shop_products_tenant_created_at ON shop_products(tenant_id, created_at);

-- Optional: product creator for daily report drill-down (FK added separately where supported)
ALTER TABLE shop_products ADD COLUMN IF NOT EXISTS created_by TEXT;

-- -----------------------------------------------------------------------------
-- Source: 031-sale-line-cost-snapshots.sql
-- -----------------------------------------------------------------------------
-- Immutable cost snapshot per line at transaction time (COGS / margin reporting).
-- Historical rows keep their stored cost when product master prices change.

ALTER TABLE shop_sale_items ADD COLUMN IF NOT EXISTS unit_cost_at_sale DECIMAL(15, 2);

ALTER TABLE mobile_order_items ADD COLUMN IF NOT EXISTS unit_cost_at_sale DECIMAL(15, 2);

COMMENT ON COLUMN shop_sale_items.unit_cost_at_sale IS 'Unit cost (WAC or cost_price) at POS sale time; COGS uses this snapshot.';
COMMENT ON COLUMN mobile_order_items.unit_cost_at_sale IS 'Unit cost at revenue recognition (delivery); set when posting COGS.';

-- -----------------------------------------------------------------------------
-- Source: 032-sales-returns.sql
-- -----------------------------------------------------------------------------
-- Sales returns / refunds (POS shop_sales only)

CREATE TABLE IF NOT EXISTS shop_sales_returns (
    id TEXT PRIMARY KEY DEFAULT uuid_generate_v4(),
    tenant_id TEXT NOT NULL REFERENCES tenants(id) ON DELETE CASCADE,
    return_number TEXT NOT NULL,
    original_sale_id TEXT NOT NULL REFERENCES shop_sales(id) ON DELETE RESTRICT,
    customer_id TEXT REFERENCES contacts(id) ON DELETE SET NULL,
    branch_id TEXT REFERENCES shop_branches(id) ON DELETE SET NULL,
    return_date TIMESTAMPTZ NOT NULL DEFAULT NOW(),
    return_type TEXT NOT NULL CHECK (return_type IN ('FULL', 'PARTIAL')),
    refund_method TEXT NOT NULL CHECK (refund_method IN ('CASH', 'BANK', 'WALLET', 'ADJUSTMENT')),
    total_return_amount DECIMAL(15, 2) NOT NULL,
    notes TEXT,
    bank_account_id TEXT REFERENCES shop_bank_accounts(id) ON DELETE SET NULL,
    created_by TEXT REFERENCES users(id) ON DELETE SET NULL,
    created_at TIMESTAMPTZ NOT NULL DEFAULT NOW(),
    UNIQUE (tenant_id, return_number)
);

CREATE INDEX IF NOT EXISTS idx_shop_sales_returns_tenant_date ON shop_sales_returns (tenant_id, return_date DESC);
CREATE INDEX IF NOT EXISTS idx_shop_sales_returns_original_sale ON shop_sales_returns (tenant_id, original_sale_id);

CREATE TABLE IF NOT EXISTS shop_sales_return_items (
    id TEXT PRIMARY KEY DEFAULT uuid_generate_v4(),
    tenant_id TEXT NOT NULL REFERENCES tenants(id) ON DELETE CASCADE,
    sales_return_id TEXT NOT NULL REFERENCES shop_sales_returns(id) ON DELETE CASCADE,
    sale_line_item_id TEXT NOT NULL REFERENCES shop_sale_items(id) ON DELETE RESTRICT,
    product_id TEXT NOT NULL REFERENCES shop_products(id) ON DELETE RESTRICT,
    quantity DECIMAL(15, 2) NOT NULL CHECK (quantity > 0),
    unit_price DECIMAL(15, 2) NOT NULL,
    total_price DECIMAL(15, 2) NOT NULL,
    reason TEXT,
    restock BOOLEAN NOT NULL DEFAULT TRUE,
    created_at TIMESTAMPTZ NOT NULL DEFAULT NOW()
);

CREATE INDEX IF NOT EXISTS idx_shop_sales_return_items_return ON shop_sales_return_items (tenant_id, sales_return_id);
CREATE INDEX IF NOT EXISTS idx_shop_sales_return_items_line ON shop_sales_return_items (sale_line_item_id);

-- -----------------------------------------------------------------------------
-- Source: 033-khata-linked-debit.sql
-- -----------------------------------------------------------------------------
-- Link khata payment (credit) rows to the debit line they settle, so UI can show "Paid" / hide Receive.

ALTER TABLE khata_ledger ADD COLUMN IF NOT EXISTS linked_debit_id TEXT REFERENCES khata_ledger(id) ON DELETE SET NULL;

CREATE INDEX IF NOT EXISTS idx_khata_ledger_linked_debit ON khata_ledger (tenant_id, linked_debit_id) WHERE linked_debit_id IS NOT NULL;

-- -----------------------------------------------------------------------------
-- Source: 034-settings-edit-lock.sql
-- -----------------------------------------------------------------------------
-- Single-row-per-tenant lock for Settings page (multi-user coordination)
CREATE TABLE IF NOT EXISTS settings_edit_locks (
  tenant_id TEXT PRIMARY KEY REFERENCES tenants(id) ON DELETE CASCADE,
  user_id TEXT NOT NULL REFERENCES users(id) ON DELETE CASCADE,
  user_name TEXT,
  acquired_at TIMESTAMPTZ NOT NULL DEFAULT NOW(),
  expires_at TIMESTAMPTZ NOT NULL
);

CREATE INDEX IF NOT EXISTS idx_settings_edit_locks_expires ON settings_edit_locks(expires_at);

-- -----------------------------------------------------------------------------
-- Source: 035-offers.sql
-- -----------------------------------------------------------------------------
-- Offers Management: promotional bundles and discounts for mobile ordering

DO $$ BEGIN
  CREATE TYPE offer_type_enum AS ENUM ('discount', 'bundle', 'fixed_price');
EXCEPTION WHEN duplicate_object THEN NULL;
END $$;

DO $$ BEGIN
  CREATE TYPE offer_discount_type_enum AS ENUM ('percentage', 'fixed');
EXCEPTION WHEN duplicate_object THEN NULL;
END $$;

CREATE TABLE IF NOT EXISTS offers (
    id TEXT PRIMARY KEY DEFAULT uuid_generate_v4()::text,
    tenant_id TEXT NOT NULL REFERENCES tenants(id) ON DELETE CASCADE,
    title TEXT NOT NULL,
    description TEXT,
    offer_type offer_type_enum NOT NULL,
    discount_type offer_discount_type_enum,
    discount_value NUMERIC(15, 4),
    fixed_price NUMERIC(15, 2),
    start_date TIMESTAMPTZ NOT NULL,
    end_date TIMESTAMPTZ NOT NULL,
    is_active BOOLEAN NOT NULL DEFAULT TRUE,
    max_usage_per_user INTEGER,
    usage_count INTEGER NOT NULL DEFAULT 0,
    created_at TIMESTAMPTZ NOT NULL DEFAULT NOW(),
    updated_at TIMESTAMPTZ NOT NULL DEFAULT NOW(),
    CONSTRAINT offers_date_range CHECK (end_date >= start_date)
);

CREATE INDEX IF NOT EXISTS idx_offers_tenant_active_dates
    ON offers(tenant_id, start_date, end_date, is_active);

CREATE TABLE IF NOT EXISTS offer_items (
    id TEXT PRIMARY KEY DEFAULT uuid_generate_v4()::text,
    offer_id TEXT NOT NULL REFERENCES offers(id) ON DELETE CASCADE,
    product_id TEXT NOT NULL REFERENCES shop_products(id) ON DELETE CASCADE,
    quantity NUMERIC(15, 4) NOT NULL DEFAULT 1,
    CONSTRAINT offer_items_qty_positive CHECK (quantity > 0)
);

CREATE INDEX IF NOT EXISTS idx_offer_items_offer_id ON offer_items(offer_id);
CREATE INDEX IF NOT EXISTS idx_offer_items_product_id ON offer_items(product_id);

-- Per-customer usage caps (optional max_usage_per_user on offers)
CREATE TABLE IF NOT EXISTS mobile_customer_offer_usage (
    id TEXT PRIMARY KEY DEFAULT uuid_generate_v4()::text,
    tenant_id TEXT NOT NULL REFERENCES tenants(id) ON DELETE CASCADE,
    customer_id TEXT NOT NULL REFERENCES mobile_customers(id) ON DELETE CASCADE,
    offer_id TEXT NOT NULL REFERENCES offers(id) ON DELETE CASCADE,
    usage_count INTEGER NOT NULL DEFAULT 0,
    updated_at TIMESTAMPTZ NOT NULL DEFAULT NOW(),
    UNIQUE (tenant_id, customer_id, offer_id)
);

CREATE INDEX IF NOT EXISTS idx_mobile_customer_offer_usage_offer
    ON mobile_customer_offer_usage(tenant_id, offer_id);

-- Line items may belong to an applied offer (for reporting / display)
ALTER TABLE mobile_order_items
    ADD COLUMN IF NOT EXISTS offer_id TEXT REFERENCES offers(id) ON DELETE SET NULL;

CREATE INDEX IF NOT EXISTS idx_mobile_order_items_offer
    ON mobile_order_items(offer_id) WHERE offer_id IS NOT NULL;

-- Stacking: 'best' = single best-value offer bundle per order; 'stack' = multiple offers if no product overlap
ALTER TABLE mobile_ordering_settings
    ADD COLUMN IF NOT EXISTS offer_stacking_mode TEXT NOT NULL DEFAULT 'best';

-- Normalize invalid values
UPDATE mobile_ordering_settings
SET offer_stacking_mode = 'best'
WHERE offer_stacking_mode IS NULL OR offer_stacking_mode NOT IN ('best', 'stack');

ALTER TABLE mobile_ordering_settings
    DROP CONSTRAINT IF EXISTS mobile_ordering_settings_offer_stacking_mode_check;

ALTER TABLE mobile_ordering_settings
    ADD CONSTRAINT mobile_ordering_settings_offer_stacking_mode_check
    CHECK (offer_stacking_mode IN ('best', 'stack'));

-- -----------------------------------------------------------------------------
-- Source: 036-backfill-sale-unit-cost-snapshots.sql
-- -----------------------------------------------------------------------------
-- Backfill unit_cost_at_sale for legacy rows where it was stored as NULL but zero cost was intended,
-- or where the original Sale inventory movement has the authoritative snapshot.

UPDATE shop_sale_items si
SET unit_cost_at_sale = sub.uc
FROM (
  SELECT DISTINCT ON (m.tenant_id, m.reference_id, m.product_id)
    m.tenant_id,
    m.reference_id AS sale_id,
    m.product_id,
    m.unit_cost::numeric AS uc
  FROM shop_inventory_movements m
  WHERE m.type = 'Sale'
    AND m.reference_id IS NOT NULL
    AND m.unit_cost IS NOT NULL
  ORDER BY m.tenant_id, m.reference_id, m.product_id, m.created_at ASC NULLS LAST
) sub
WHERE si.unit_cost_at_sale IS NULL
  AND si.tenant_id = sub.tenant_id
  AND si.sale_id = sub.sale_id
  AND si.product_id = sub.product_id;

-- -----------------------------------------------------------------------------
-- Source: 037-system-logs.sqlite.sql
-- -----------------------------------------------------------------------------
-- SQLite companion for 037-system-logs.sql (audit + diagnostics)

CREATE TABLE IF NOT EXISTS system_logs (
    id INTEGER PRIMARY KEY AUTOINCREMENT,
    tenant_id TEXT NOT NULL,
    module TEXT NOT NULL,
    payload TEXT,
    error TEXT,
    created_at TEXT NOT NULL DEFAULT (datetime('now')),
    FOREIGN KEY (tenant_id) REFERENCES tenants(id) ON DELETE CASCADE
);

CREATE INDEX IF NOT EXISTS idx_system_logs_tenant_created ON system_logs(tenant_id, created_at DESC);

-- -----------------------------------------------------------------------------
-- Source: 038-sales-returns-mobile-orders.sql
-- -----------------------------------------------------------------------------
-- Sales returns: support mobile app orders (mobile_orders) in addition to POS (shop_sales).

-- Track return progress on mobile orders (mirrors shop_sales.status = 'Refunded' for full returns)
ALTER TABLE mobile_orders ADD COLUMN IF NOT EXISTS return_status TEXT NOT NULL DEFAULT 'None';

ALTER TABLE mobile_orders DROP CONSTRAINT IF EXISTS mobile_orders_return_status_check;
ALTER TABLE mobile_orders ADD CONSTRAINT mobile_orders_return_status_check
  CHECK (return_status IN ('None', 'Partial', 'Full'));

-- shop_sales_returns: either original POS sale OR original mobile order
ALTER TABLE shop_sales_returns DROP CONSTRAINT IF EXISTS shop_sales_returns_original_sale_id_fkey;
ALTER TABLE shop_sales_returns ALTER COLUMN original_sale_id DROP NOT NULL;

ALTER TABLE shop_sales_returns ADD COLUMN IF NOT EXISTS original_mobile_order_id TEXT;
ALTER TABLE shop_sales_returns ADD COLUMN IF NOT EXISTS mobile_customer_id TEXT;

ALTER TABLE shop_sales_returns ADD CONSTRAINT shop_sales_returns_original_sale_id_fkey
  FOREIGN KEY (original_sale_id) REFERENCES shop_sales(id) ON DELETE RESTRICT;

ALTER TABLE shop_sales_returns ADD CONSTRAINT shop_sales_returns_original_mobile_order_id_fkey
  FOREIGN KEY (original_mobile_order_id) REFERENCES mobile_orders(id) ON DELETE RESTRICT;

ALTER TABLE shop_sales_returns ADD CONSTRAINT shop_sales_returns_mobile_customer_id_fkey
  FOREIGN KEY (mobile_customer_id) REFERENCES mobile_customers(id) ON DELETE SET NULL;

ALTER TABLE shop_sales_returns DROP CONSTRAINT IF EXISTS shop_sales_returns_original_source_check;
ALTER TABLE shop_sales_returns ADD CONSTRAINT shop_sales_returns_original_source_check
  CHECK (
    (original_sale_id IS NOT NULL AND original_mobile_order_id IS NULL)
    OR (original_sale_id IS NULL AND original_mobile_order_id IS NOT NULL)
  );

CREATE INDEX IF NOT EXISTS idx_shop_sales_returns_tenant_mobile_order
  ON shop_sales_returns (tenant_id, original_mobile_order_id);

-- Return lines: either shop_sale_items or mobile_order_items
ALTER TABLE shop_sales_return_items DROP CONSTRAINT IF EXISTS shop_sales_return_items_sale_line_item_id_fkey;
ALTER TABLE shop_sales_return_items ALTER COLUMN sale_line_item_id DROP NOT NULL;

ALTER TABLE shop_sales_return_items ADD COLUMN IF NOT EXISTS mobile_order_line_item_id TEXT;

ALTER TABLE shop_sales_return_items ADD CONSTRAINT shop_sales_return_items_sale_line_item_id_fkey
  FOREIGN KEY (sale_line_item_id) REFERENCES shop_sale_items(id) ON DELETE RESTRICT;

ALTER TABLE shop_sales_return_items ADD CONSTRAINT shop_sales_return_items_mobile_order_line_item_id_fkey
  FOREIGN KEY (mobile_order_line_item_id) REFERENCES mobile_order_items(id) ON DELETE RESTRICT;

ALTER TABLE shop_sales_return_items DROP CONSTRAINT IF EXISTS shop_sales_return_items_line_ref_check;
ALTER TABLE shop_sales_return_items ADD CONSTRAINT shop_sales_return_items_line_ref_check
  CHECK (
    (sale_line_item_id IS NOT NULL AND mobile_order_line_item_id IS NULL)
    OR (sale_line_item_id IS NULL AND mobile_order_line_item_id IS NOT NULL)
  );

CREATE INDEX IF NOT EXISTS idx_shop_sales_return_items_mobile_line
  ON shop_sales_return_items (tenant_id, mobile_order_line_item_id)
  WHERE mobile_order_line_item_id IS NOT NULL;

-- -----------------------------------------------------------------------------
-- Source: 039-inventory-batches-expiry.sql
-- -----------------------------------------------------------------------------
-- Batch-level expiry tracking (procurement); FEFO sales; legacy backfill

CREATE TABLE IF NOT EXISTS inventory_batches (
    id TEXT PRIMARY KEY DEFAULT uuid_generate_v4(),
    tenant_id TEXT NOT NULL REFERENCES tenants(id) ON DELETE CASCADE,
    product_id TEXT NOT NULL REFERENCES shop_products(id) ON DELETE RESTRICT,
    warehouse_id TEXT NOT NULL REFERENCES shop_warehouses(id) ON DELETE CASCADE,
    batch_no TEXT NOT NULL,
    expiry_date DATE,
    quantity_received NUMERIC(15, 4) NOT NULL,
    quantity_remaining NUMERIC(15, 4) NOT NULL,
    cost_price NUMERIC(15, 2) NOT NULL DEFAULT 0,
    purchase_bill_id TEXT REFERENCES purchase_bills(id) ON DELETE CASCADE,
    created_at TIMESTAMP NOT NULL DEFAULT NOW(),
    updated_at TIMESTAMP NOT NULL DEFAULT NOW(),
    CONSTRAINT chk_inventory_batches_qty CHECK (
        quantity_remaining >= 0
        AND quantity_remaining <= quantity_received
    )
);

-- If inventory_batches already existed from an older/minimal schema, CREATE TABLE IF NOT EXISTS
-- does nothing — add any missing columns (and FKs) before indexes and backfill INSERT.
ALTER TABLE inventory_batches ADD COLUMN IF NOT EXISTS tenant_id TEXT REFERENCES tenants(id) ON DELETE CASCADE;
ALTER TABLE inventory_batches ADD COLUMN IF NOT EXISTS product_id TEXT REFERENCES shop_products(id) ON DELETE RESTRICT;
ALTER TABLE inventory_batches ADD COLUMN IF NOT EXISTS warehouse_id TEXT REFERENCES shop_warehouses(id) ON DELETE CASCADE;
ALTER TABLE inventory_batches ADD COLUMN IF NOT EXISTS batch_no TEXT;
ALTER TABLE inventory_batches ADD COLUMN IF NOT EXISTS expiry_date DATE;
ALTER TABLE inventory_batches ADD COLUMN IF NOT EXISTS quantity_received NUMERIC(15, 4);
ALTER TABLE inventory_batches ADD COLUMN IF NOT EXISTS quantity_remaining NUMERIC(15, 4);
ALTER TABLE inventory_batches ADD COLUMN IF NOT EXISTS cost_price NUMERIC(15, 2) DEFAULT 0;
ALTER TABLE inventory_batches ADD COLUMN IF NOT EXISTS purchase_bill_id TEXT REFERENCES purchase_bills(id) ON DELETE CASCADE;
ALTER TABLE inventory_batches ADD COLUMN IF NOT EXISTS created_at TIMESTAMP DEFAULT NOW();
ALTER TABLE inventory_batches ADD COLUMN IF NOT EXISTS updated_at TIMESTAMP DEFAULT NOW();

-- NULL expiry means "no dated batch" / always sellable (see backfill INSERT). Older tables may have NOT NULL here.
ALTER TABLE inventory_batches ALTER COLUMN expiry_date DROP NOT NULL;

CREATE INDEX IF NOT EXISTS idx_inventory_batches_tenant_product ON inventory_batches(tenant_id, product_id);
CREATE INDEX IF NOT EXISTS idx_inventory_batches_expiry ON inventory_batches(tenant_id, expiry_date);
CREATE INDEX IF NOT EXISTS idx_inventory_batches_bill ON inventory_batches(tenant_id, purchase_bill_id);
CREATE INDEX IF NOT EXISTS idx_inventory_batches_wh ON inventory_batches(tenant_id, warehouse_id, product_id);

ALTER TABLE purchase_bill_items ADD COLUMN IF NOT EXISTS expiry_date DATE;
ALTER TABLE purchase_bill_items ADD COLUMN IF NOT EXISTS batch_no TEXT;

ALTER TABLE inventory_batches ENABLE ROW LEVEL SECURITY;
DROP POLICY IF EXISTS tenant_isolation ON inventory_batches;
CREATE POLICY tenant_isolation ON inventory_batches FOR ALL
    USING (tenant_id = get_current_tenant_id())
    WITH CHECK (tenant_id = get_current_tenant_id());

-- Backfill: one legacy batch per positive inventory row (no expiry = always sellable)
INSERT INTO inventory_batches (
    id,
    tenant_id,
    product_id,
    warehouse_id,
    batch_no,
    expiry_date,
    quantity_received,
    quantity_remaining,
    cost_price,
    purchase_bill_id
)
SELECT
    uuid_generate_v4()::text,
    i.tenant_id,
    i.product_id,
    i.warehouse_id,
    'LEGACY-' || substr(md5(random()::text || i.id::text || clock_timestamp()::text), 1, 10),
    NULL,
    GREATEST(i.quantity_on_hand, 0),
    GREATEST(i.quantity_on_hand, 0),
    COALESCE(p.average_cost, p.cost_price, 0),
    NULL
FROM shop_inventory i
JOIN shop_products p ON p.id = i.product_id AND p.tenant_id = i.tenant_id
WHERE i.quantity_on_hand > 0
  AND NOT EXISTS (
      SELECT 1 FROM inventory_batches b
      WHERE b.tenant_id = i.tenant_id
        AND b.product_id = i.product_id
        AND b.warehouse_id = i.warehouse_id
  );

-- -----------------------------------------------------------------------------
-- Source: 040-inventory-performance.sql
-- -----------------------------------------------------------------------------
-- Inventory list / search performance (large SKU counts)

-- Active products by tenant + name (list ordering / ILIKE prefix-friendly)
CREATE INDEX IF NOT EXISTS idx_shop_products_tenant_active_name
  ON shop_products (tenant_id, name)
  WHERE is_active = TRUE;

-- SKU lookup (exact / prefix search from app)
CREATE INDEX IF NOT EXISTS idx_shop_products_tenant_sku
  ON shop_products (tenant_id, sku)
  WHERE is_active = TRUE;

-- Barcode lookup when present
CREATE INDEX IF NOT EXISTS idx_shop_products_tenant_barcode
  ON shop_products (tenant_id, barcode)
  WHERE is_active = TRUE AND barcode IS NOT NULL AND barcode <> '';

-- Batches with remaining qty (FEFO / expiry filters)
CREATE INDEX IF NOT EXISTS idx_inventory_batches_tenant_product_remaining
  ON inventory_batches (tenant_id, product_id)
  WHERE quantity_remaining > 0;

-- Expiry range scans on non-expired remaining stock
CREATE INDEX IF NOT EXISTS idx_inventory_batches_tenant_expiry_remaining
  ON inventory_batches (tenant_id, expiry_date)
  WHERE quantity_remaining > 0 AND expiry_date IS NOT NULL;

-- -----------------------------------------------------------------------------
-- Source: 041-pos-receipt-print-margins.sql
-- -----------------------------------------------------------------------------
-- Printable margins for thermal receipts (mm). Higher default right margin helps drivers/printers with narrow physical print area (e.g. Black Copper).
ALTER TABLE pos_receipt_settings
  ADD COLUMN IF NOT EXISTS margin_top_mm NUMERIC(5,2) NOT NULL DEFAULT 2,
  ADD COLUMN IF NOT EXISTS margin_bottom_mm NUMERIC(5,2) NOT NULL DEFAULT 2,
  ADD COLUMN IF NOT EXISTS margin_left_mm NUMERIC(5,2) NOT NULL DEFAULT 2,
  ADD COLUMN IF NOT EXISTS margin_right_mm NUMERIC(5,2) NOT NULL DEFAULT 4;

COMMENT ON COLUMN pos_receipt_settings.margin_top_mm IS 'Top margin for printed receipt (mm)';
COMMENT ON COLUMN pos_receipt_settings.margin_bottom_mm IS 'Bottom margin for printed receipt (mm)';
COMMENT ON COLUMN pos_receipt_settings.margin_left_mm IS 'Left margin for printed receipt (mm)';
COMMENT ON COLUMN pos_receipt_settings.margin_right_mm IS 'Right margin for printed receipt (mm); increase if text is clipped on the right';

-- -----------------------------------------------------------------------------
-- Source: 042-sales-deactivated-sku.sql
-- -----------------------------------------------------------------------------
-- Manual "deactivate for sales": hide SKU from mobile catalog and POS while keeping the row for history and inventory management.
ALTER TABLE shop_products
    ADD COLUMN IF NOT EXISTS sales_deactivated BOOLEAN NOT NULL DEFAULT FALSE;

COMMENT ON COLUMN shop_products.sales_deactivated IS 'When true, SKU is hidden from mobile browsing and POS product selection; still visible in admin inventory and past transactions.';

CREATE INDEX IF NOT EXISTS idx_shop_products_sales_listing
    ON shop_products(tenant_id)
    WHERE sales_deactivated = FALSE;

-- -----------------------------------------------------------------------------
-- Source: 043-mobile-orders-loyalty.sql
-- -----------------------------------------------------------------------------
-- Track loyalty awards for mobile app orders (mirrors shop_sales points_earned / loyalty link).
ALTER TABLE mobile_orders ADD COLUMN IF NOT EXISTS loyalty_member_id TEXT REFERENCES shop_loyalty_members(id);
ALTER TABLE mobile_orders ADD COLUMN IF NOT EXISTS points_earned INTEGER NOT NULL DEFAULT 0;

-- -----------------------------------------------------------------------------
-- Source: 044-pos-receipt-print-font.sql
-- -----------------------------------------------------------------------------
-- Receipt print typography (thermal-friendly; defaults match client receiptBuilder)
ALTER TABLE pos_receipt_settings
  ADD COLUMN IF NOT EXISTS print_font_family TEXT NOT NULL DEFAULT 'roboto_mono',
  ADD COLUMN IF NOT EXISTS print_font_size INTEGER NOT NULL DEFAULT 12,
  ADD COLUMN IF NOT EXISTS print_font_weight TEXT NOT NULL DEFAULT 'normal',
  ADD COLUMN IF NOT EXISTS print_line_spacing NUMERIC(4,2) NOT NULL DEFAULT 1.2;

COMMENT ON COLUMN pos_receipt_settings.print_font_family IS 'Receipt font preset: roboto_mono, courier_new, roboto, inter';
COMMENT ON COLUMN pos_receipt_settings.print_font_size IS 'Base receipt font size in px (app clamps 10–18)';
COMMENT ON COLUMN pos_receipt_settings.print_font_weight IS 'normal | medium | bold';
COMMENT ON COLUMN pos_receipt_settings.print_line_spacing IS 'CSS line-height multiplier for receipt body';

-- -----------------------------------------------------------------------------
-- Source: 045-category-mobile-icon.sql
-- -----------------------------------------------------------------------------
-- Mobile app category rail: optional icon image per product category (configured in POS Inventory → Categories).
ALTER TABLE categories ADD COLUMN IF NOT EXISTS mobile_icon_url TEXT;

-- -----------------------------------------------------------------------------
-- Source: 046-unified-customers-auth.sqlite.sql
-- -----------------------------------------------------------------------------
-- SQLite variant: unified customers + password reset (minimal; backfill skipped in dev)

CREATE TABLE IF NOT EXISTS customers (
    id TEXT PRIMARY KEY,
    tenant_id TEXT NOT NULL,
    name TEXT NOT NULL,
    phone_number TEXT NOT NULL,
    password TEXT,
    address TEXT,
    is_loyalty_member INTEGER NOT NULL DEFAULT 1,
    created_from TEXT NOT NULL CHECK (created_from IN ('POS', 'MOBILE')),
    pos_contact_id TEXT,
    created_at TEXT NOT NULL DEFAULT (datetime('now')),
    updated_at TEXT NOT NULL DEFAULT (datetime('now')),
    UNIQUE (tenant_id, phone_number)
);

CREATE INDEX IF NOT EXISTS idx_customers_tenant_phone ON customers (tenant_id, phone_number);
CREATE INDEX IF NOT EXISTS idx_customers_tenant_name_lower ON customers (tenant_id, lower(name));

CREATE TABLE IF NOT EXISTS password_reset_requests (
    id TEXT PRIMARY KEY,
    tenant_id TEXT NOT NULL,
    phone_number TEXT NOT NULL,
    status TEXT NOT NULL CHECK (status IN ('pending', 'completed')),
    created_at TEXT NOT NULL DEFAULT (datetime('now')),
    completed_at TEXT
);

CREATE INDEX IF NOT EXISTS idx_password_reset_tenant_status ON password_reset_requests (tenant_id, status);

-- -----------------------------------------------------------------------------
-- Source: 047-branch-delivery-geo.sqlite.sql
-- -----------------------------------------------------------------------------
-- SQLite variant: branch geo columns + branches view (Stage 2)

ALTER TABLE shop_branches ADD COLUMN latitude NUMERIC;
ALTER TABLE shop_branches ADD COLUMN longitude NUMERIC;
ALTER TABLE shop_branches ADD COLUMN address TEXT;

UPDATE shop_branches
SET address = NULLIF(TRIM(location), '')
WHERE (address IS NULL OR TRIM(address) = '')
  AND location IS NOT NULL
  AND TRIM(location) != '';

CREATE INDEX IF NOT EXISTS idx_shop_branches_tenant_geo ON shop_branches (tenant_id)
    WHERE latitude IS NOT NULL AND longitude IS NOT NULL;

DROP VIEW IF EXISTS branches;
CREATE VIEW branches AS
SELECT
    id,
    tenant_id,
    name,
    latitude,
    longitude,
    COALESCE(NULLIF(TRIM(address), ''), NULLIF(TRIM(location), '')) AS address
FROM shop_branches;

-- -----------------------------------------------------------------------------
-- Source: 048-mobile-order-nearest-branch.sqlite.sql
-- -----------------------------------------------------------------------------
-- SQLite: nearest-branch columns on mobile_orders

ALTER TABLE mobile_orders ADD COLUMN assigned_branch_id TEXT REFERENCES shop_branches(id);
ALTER TABLE mobile_orders ADD COLUMN distance_km NUMERIC;

CREATE INDEX IF NOT EXISTS idx_mobile_orders_assigned_branch ON mobile_orders (tenant_id, assigned_branch_id)
    WHERE assigned_branch_id IS NOT NULL;

-- -----------------------------------------------------------------------------
-- Source: 049-riders.sqlite.sql
-- -----------------------------------------------------------------------------
-- SQLite: riders table (Stage 4)

CREATE TABLE IF NOT EXISTS riders (
    id TEXT PRIMARY KEY,
    tenant_id TEXT NOT NULL REFERENCES tenants(id) ON DELETE CASCADE,
    name TEXT NOT NULL,
    phone_number TEXT NOT NULL,
    is_active INTEGER NOT NULL DEFAULT 1,
    current_latitude NUMERIC,
    current_longitude NUMERIC,
    status TEXT NOT NULL DEFAULT 'OFFLINE'
        CHECK (status IN ('AVAILABLE', 'BUSY', 'OFFLINE')),
    created_at TEXT NOT NULL DEFAULT (datetime('now')),
    updated_at TEXT NOT NULL DEFAULT (datetime('now')),
    UNIQUE (tenant_id, phone_number)
);

CREATE INDEX IF NOT EXISTS idx_riders_tenant ON riders (tenant_id);
CREATE INDEX IF NOT EXISTS idx_riders_tenant_status ON riders (tenant_id, status)
    WHERE is_active = 1;
CREATE INDEX IF NOT EXISTS idx_riders_tenant_available ON riders (tenant_id)
    WHERE is_active = 1 AND status = 'AVAILABLE';

-- -----------------------------------------------------------------------------
-- Source: 050-delivery-orders.sqlite.sql
-- -----------------------------------------------------------------------------
-- SQLite: delivery_orders (Stage 5)

CREATE TABLE IF NOT EXISTS delivery_orders (
    id TEXT PRIMARY KEY,
    tenant_id TEXT NOT NULL REFERENCES tenants(id) ON DELETE CASCADE,
    order_id TEXT NOT NULL REFERENCES mobile_orders(id) ON DELETE CASCADE,
    rider_id TEXT NOT NULL REFERENCES riders(id),
    status TEXT NOT NULL DEFAULT 'ASSIGNED'
        CHECK (status IN ('ASSIGNED', 'PICKED', 'ON_THE_WAY', 'DELIVERED')),
    assigned_at TEXT NOT NULL DEFAULT (datetime('now')),
    picked_at TEXT,
    delivered_at TEXT,
    created_at TEXT NOT NULL DEFAULT (datetime('now')),
    updated_at TEXT NOT NULL DEFAULT (datetime('now')),
    UNIQUE (order_id)
);

CREATE INDEX IF NOT EXISTS idx_delivery_orders_tenant ON delivery_orders (tenant_id);
CREATE INDEX IF NOT EXISTS idx_delivery_orders_rider ON delivery_orders (tenant_id, rider_id);
CREATE INDEX IF NOT EXISTS idx_delivery_orders_status ON delivery_orders (tenant_id, status);

-- -----------------------------------------------------------------------------
-- Source: 051-rider-auth-delivery-accept.sqlite.sql
-- -----------------------------------------------------------------------------
-- SQLite: rider password + delivery accepted_at

ALTER TABLE riders ADD COLUMN password_hash TEXT;
ALTER TABLE delivery_orders ADD COLUMN accepted_at TEXT;

-- -----------------------------------------------------------------------------
-- Source: 052-platform-admins.sql
-- -----------------------------------------------------------------------------
-- Super admins (cross-tenant platform operators). Distinct from tenant-scoped users.

CREATE TABLE IF NOT EXISTS platform_admins (
    id TEXT PRIMARY KEY,
    username TEXT NOT NULL UNIQUE,
    password TEXT NOT NULL,
    created_at TIMESTAMP NOT NULL DEFAULT NOW(),
    updated_at TIMESTAMP NOT NULL DEFAULT NOW()
);

CREATE INDEX IF NOT EXISTS idx_platform_admins_username ON platform_admins (username);

-- -----------------------------------------------------------------------------
-- Source: 053-mobile-order-sse-notify.sqlite.sql
-- -----------------------------------------------------------------------------
-- SQLite: Stage 10 SSE uses PostgreSQL LISTEN/NOTIFY only. No SQLite triggers.

-- -----------------------------------------------------------------------------
-- Source: 054-stage11-notify-rider-id.sqlite.sql
-- -----------------------------------------------------------------------------
-- SQLite: Stage 11 NOTIFY payload changes are PostgreSQL-only.

-- -----------------------------------------------------------------------------
-- Source: 055-purchase-bill-draft-posted.sql
-- -----------------------------------------------------------------------------
-- Draft purchase bills: no inventory/GL until explicitly posted
ALTER TABLE purchase_bills ADD COLUMN IF NOT EXISTS is_posted BOOLEAN NOT NULL DEFAULT TRUE;
UPDATE purchase_bills SET is_posted = TRUE WHERE is_posted IS NULL;

-- -----------------------------------------------------------------------------
-- Source: 056-branch-delivery-radius-active.sqlite.sql
-- -----------------------------------------------------------------------------
-- SQLite: branch delivery radius + active flag
ALTER TABLE shop_branches ADD COLUMN max_delivery_distance_km REAL;
ALTER TABLE shop_branches ADD COLUMN is_active INTEGER NOT NULL DEFAULT 1;

CREATE INDEX IF NOT EXISTS idx_shop_branches_tenant_active_geo ON shop_branches (tenant_id)
  WHERE COALESCE(is_active, 1) = 1 AND latitude IS NOT NULL AND longitude IS NOT NULL;

DROP VIEW IF EXISTS branches;
CREATE VIEW branches AS
SELECT
    id,
    tenant_id,
    name,
    latitude,
    longitude,
    COALESCE(NULLIF(TRIM(address), ''), NULLIF(TRIM(location), '')) AS address,
    max_delivery_distance_km,
    CASE WHEN COALESCE(is_active, 1) = 1 THEN 1 ELSE 0 END AS is_active
FROM shop_branches;

-- -----------------------------------------------------------------------------
-- Source: 057-pos-auto-logout.sqlite.sql
-- -----------------------------------------------------------------------------
-- Auto-logout after inactivity: 0 = disabled, >0 = minutes of inactivity before auto-logout
ALTER TABLE pos_settings ADD COLUMN auto_logout_minutes INTEGER NOT NULL DEFAULT 0;

-- -----------------------------------------------------------------------------
-- Source: 058-rider-assignment-mode.sqlite.sql
-- -----------------------------------------------------------------------------
ALTER TABLE mobile_ordering_settings ADD COLUMN rider_assignment_mode TEXT NOT NULL DEFAULT 'auto';

-- -----------------------------------------------------------------------------
-- Source: 059-mobile-user-presence.sqlite.sql
-- -----------------------------------------------------------------------------
-- ============================================================================
-- MIGRATION 059: Mobile User Presence / Heartbeat Tracking (SQLite)
-- ============================================================================

CREATE TABLE IF NOT EXISTS mobile_customer_heartbeats (
    id TEXT PRIMARY KEY,
    tenant_id TEXT NOT NULL REFERENCES tenants(id) ON DELETE CASCADE,
    customer_id TEXT NOT NULL REFERENCES mobile_customers(id) ON DELETE CASCADE,
    last_seen_at TEXT NOT NULL DEFAULT (datetime('now')),
    current_page TEXT,
    cart_item_count INTEGER DEFAULT 0,
    cart_total REAL DEFAULT 0,
    ip_address TEXT,
    user_agent TEXT,
    created_at TEXT NOT NULL DEFAULT (datetime('now')),
    UNIQUE(tenant_id, customer_id)
);

CREATE INDEX IF NOT EXISTS idx_mobile_heartbeats_tenant_lastseen
    ON mobile_customer_heartbeats(tenant_id, last_seen_at);

-- -----------------------------------------------------------------------------
-- Source: 060-procurement-demand.sqlite.sql
-- -----------------------------------------------------------------------------
-- Procurement demand: purchase drafts generated from smart demand analysis (SQLite)
CREATE TABLE IF NOT EXISTS procurement_demand_drafts (
  id TEXT PRIMARY KEY,
  tenant_id TEXT NOT NULL,
  name TEXT NOT NULL DEFAULT 'Untitled Draft',
  status TEXT NOT NULL DEFAULT 'draft',
  settings TEXT NOT NULL DEFAULT '{}',
  created_at TEXT NOT NULL DEFAULT (datetime('now')),
  updated_at TEXT NOT NULL DEFAULT (datetime('now'))
);

CREATE TABLE IF NOT EXISTS procurement_demand_draft_items (
  id TEXT PRIMARY KEY,
  tenant_id TEXT NOT NULL,
  draft_id TEXT NOT NULL REFERENCES procurement_demand_drafts(id) ON DELETE CASCADE,
  product_id TEXT NOT NULL,
  current_stock REAL NOT NULL DEFAULT 0,
  avg_daily_sales REAL NOT NULL DEFAULT 0,
  days_of_stock REAL,
  suggested_qty REAL NOT NULL DEFAULT 0,
  final_qty REAL NOT NULL DEFAULT 0,
  priority TEXT NOT NULL DEFAULT 'LOW',
  created_at TEXT NOT NULL DEFAULT (datetime('now'))
);

CREATE INDEX IF NOT EXISTS idx_pdd_tenant ON procurement_demand_drafts(tenant_id);
CREATE INDEX IF NOT EXISTS idx_pddi_draft ON procurement_demand_draft_items(draft_id);

-- -----------------------------------------------------------------------------
-- Source: 061-expense-module-redesign.sqlite.sql
-- -----------------------------------------------------------------------------
-- SQLite: expense module v2 (rebuild expenses for payment_method CHECK + account_id)

ALTER TABLE expense_categories ADD COLUMN is_active INTEGER NOT NULL DEFAULT 1;

CREATE TABLE expenses_v2 (
    id TEXT PRIMARY KEY,
    tenant_id TEXT NOT NULL REFERENCES tenants(id),
    branch_id TEXT REFERENCES shop_branches(id),
    category_id TEXT NOT NULL REFERENCES expense_categories(id),
    vendor_id TEXT REFERENCES shop_vendors(id),
    payee_name TEXT,
    amount NUMERIC NOT NULL CHECK (amount > 0),
    payment_account_id TEXT REFERENCES shop_bank_accounts(id),
    expense_date TEXT NOT NULL,
    description TEXT,
    attachment_url TEXT,
    status TEXT NOT NULL DEFAULT 'paid' CHECK (status IN ('paid', 'unpaid')),
    payment_method TEXT NOT NULL DEFAULT 'CASH' CHECK (payment_method IN ('CASH', 'BANK', 'OTHER')),
    recurring_id TEXT,
    reference_number TEXT,
    tax_amount NUMERIC DEFAULT 0,
    journal_entry_id TEXT REFERENCES journal_entries(id),
    created_by TEXT,
    created_at TEXT NOT NULL DEFAULT (datetime('now')),
    updated_at TEXT NOT NULL DEFAULT (datetime('now')),
    account_id TEXT NOT NULL REFERENCES accounts(id)
);

INSERT INTO expenses_v2 (
  id, tenant_id, branch_id, category_id, vendor_id, payee_name, amount, payment_account_id,
  expense_date, description, attachment_url, status,
  payment_method, recurring_id, reference_number, tax_amount, journal_entry_id, created_by, created_at, updated_at,
  account_id
)
SELECT
  e.id, e.tenant_id, e.branch_id, e.category_id, e.vendor_id, e.payee_name, e.amount, e.payment_account_id,
  e.expense_date, e.description, e.attachment_url, e.status,
  CASE e.payment_method
    WHEN 'Cash' THEN 'CASH'
    WHEN 'Bank' THEN 'BANK'
    WHEN 'Credit' THEN 'OTHER'
    ELSE e.payment_method
  END,
  e.recurring_id, e.reference_number, e.tax_amount, e.journal_entry_id, e.created_by, e.created_at, e.updated_at,
  COALESCE(
    (SELECT ec.account_id FROM expense_categories ec WHERE ec.id = e.category_id AND ec.tenant_id = e.tenant_id),
    (SELECT a.id FROM accounts a WHERE a.tenant_id = e.tenant_id AND a.type = 'Expense' ORDER BY a.code LIMIT 1),
    (SELECT a.id FROM accounts a WHERE a.tenant_id = e.tenant_id ORDER BY a.code LIMIT 1)
  )
FROM expenses e;

-- Drop old table only if all rows migrated (same row count)
DROP TABLE expenses;
ALTER TABLE expenses_v2 RENAME TO expenses;

CREATE INDEX IF NOT EXISTS idx_expenses_tenant ON expenses(tenant_id);
CREATE INDEX IF NOT EXISTS idx_expenses_tenant_date ON expenses(tenant_id, expense_date);
CREATE INDEX IF NOT EXISTS idx_expenses_category ON expenses(category_id);
CREATE INDEX IF NOT EXISTS idx_expenses_recurring ON expenses(recurring_id);
CREATE INDEX IF NOT EXISTS idx_expenses_journal ON expenses(journal_entry_id);
CREATE INDEX IF NOT EXISTS idx_expenses_tenant_account ON expenses(tenant_id, account_id);

UPDATE recurring_expenses SET payment_method = CASE payment_method
  WHEN 'Cash' THEN 'CASH'
  WHEN 'Bank' THEN 'BANK'
  WHEN 'Credit' THEN 'OTHER'
  ELSE payment_method
END;

UPDATE recurring_expenses SET payment_method = 'BANK' WHERE payment_method IS NULL OR TRIM(payment_method) = '';
UPDATE recurring_expenses SET payment_method = 'BANK' WHERE payment_method NOT IN ('CASH', 'BANK', 'OTHER');

-- -----------------------------------------------------------------------------
-- Source: 062-loyalty-mobile-customer-verified.sql
-- -----------------------------------------------------------------------------
-- POS staff can mark loyalty members (linked to mobile app accounts) as manually verified.
ALTER TABLE shop_loyalty_members ADD COLUMN IF NOT EXISTS mobile_customer_verified BOOLEAN NOT NULL DEFAULT FALSE;

-- -----------------------------------------------------------------------------
-- Source: 063-rider-assignment-third-party.sqlite.sql
-- -----------------------------------------------------------------------------
-- SQLite: no CHECK constraint on rider_assignment_mode in 058; third_party values are allowed.

-- -----------------------------------------------------------------------------
-- Source: 064-product-rich-attributes.sqlite.sql
-- -----------------------------------------------------------------------------
-- SQLite companion for 064 (rich product attributes)
ALTER TABLE shop_products ADD COLUMN brand TEXT;
ALTER TABLE shop_products ADD COLUMN weight NUMERIC;
ALTER TABLE shop_products ADD COLUMN weight_unit TEXT;
ALTER TABLE shop_products ADD COLUMN size TEXT;
ALTER TABLE shop_products ADD COLUMN color TEXT;
ALTER TABLE shop_products ADD COLUMN material TEXT;
ALTER TABLE shop_products ADD COLUMN origin_country TEXT;
ALTER TABLE shop_products ADD COLUMN attributes TEXT DEFAULT '{}';

-- -----------------------------------------------------------------------------
-- Source: 065-mobile-order-inventory-deducted.sqlite.sql
-- -----------------------------------------------------------------------------
-- SQLite: mobile_orders.inventory_deducted (companion to 065-mobile-order-inventory-deducted.sql)
ALTER TABLE mobile_orders ADD COLUMN inventory_deducted INTEGER NOT NULL DEFAULT 0;

UPDATE mobile_orders
SET inventory_deducted = 1
WHERE status IN ('Confirmed', 'Packed', 'OutForDelivery', 'Delivered')
  AND COALESCE(inventory_deducted, 0) = 0;

-- -----------------------------------------------------------------------------
-- Source: 066-pos-archive-history-days.sqlite.sql
-- -----------------------------------------------------------------------------
-- How many days of sales to load in the POS Sales Archive (default 30)
ALTER TABLE pos_settings ADD COLUMN archive_history_days INTEGER NOT NULL DEFAULT 30;

-- -----------------------------------------------------------------------------
-- Source: 067-backfill-product-brand-id-from-text.sql
-- -----------------------------------------------------------------------------
-- Link shop_products.brand (SKU text) to shop_brands and set brand_id where missing.

UPDATE shop_products p
SET brand_id = b.id
FROM shop_brands b
WHERE p.tenant_id = b.tenant_id
  AND p.brand_id IS NULL
  AND p.brand IS NOT NULL
  AND TRIM(p.brand) <> ''
  AND LOWER(TRIM(p.brand)) = LOWER(TRIM(b.name));

-- -----------------------------------------------------------------------------
-- Source: 068-recipes.sqlite.sql
-- -----------------------------------------------------------------------------
-- SQLite companion for 068-recipes.sql (dev / local SQLite DB)

CREATE TABLE IF NOT EXISTS recipe_categories (
    id TEXT PRIMARY KEY,
    tenant_id TEXT NOT NULL,
    name TEXT NOT NULL,
    image_url TEXT,
    created_at TEXT NOT NULL DEFAULT (datetime('now')),
    updated_at TEXT NOT NULL DEFAULT (datetime('now')),
    UNIQUE(tenant_id, name)
);

CREATE TABLE IF NOT EXISTS recipes (
    id TEXT PRIMARY KEY,
    tenant_id TEXT NOT NULL,
    title TEXT NOT NULL,
    slug TEXT NOT NULL,
    description TEXT,
    image_url TEXT,
    video_url TEXT,
    prep_time_minutes INTEGER NOT NULL DEFAULT 0,
    cook_time_minutes INTEGER NOT NULL DEFAULT 0,
    servings INTEGER NOT NULL DEFAULT 1,
    difficulty TEXT,
    cuisine TEXT,
    calories INTEGER,
    category_id TEXT,
    is_active INTEGER NOT NULL DEFAULT 1,
    is_featured INTEGER NOT NULL DEFAULT 0,
    is_quick_meal INTEGER NOT NULL DEFAULT 0,
    is_budget_meal INTEGER NOT NULL DEFAULT 0,
    is_trending INTEGER NOT NULL DEFAULT 0,
    created_by TEXT,
    created_at TEXT NOT NULL DEFAULT (datetime('now')),
    updated_at TEXT NOT NULL DEFAULT (datetime('now')),
    UNIQUE(tenant_id, slug)
);

CREATE UNIQUE INDEX IF NOT EXISTS idx_recipes_tenant_title_lower ON recipes (tenant_id, title);

CREATE INDEX IF NOT EXISTS idx_recipes_category ON recipes (tenant_id, category_id);
CREATE INDEX IF NOT EXISTS idx_recipes_active ON recipes (tenant_id, is_active);

CREATE TABLE IF NOT EXISTS recipe_ingredients (
    id TEXT PRIMARY KEY,
    tenant_id TEXT NOT NULL,
    recipe_id TEXT NOT NULL,
    ingredient_name TEXT NOT NULL,
    normalized_name TEXT NOT NULL DEFAULT '',
    quantity NUMERIC NOT NULL DEFAULT 1,
    unit TEXT NOT NULL DEFAULT '',
    optional INTEGER NOT NULL DEFAULT 0,
    product_id TEXT NOT NULL,
    sort_order INTEGER NOT NULL DEFAULT 0
);

CREATE INDEX IF NOT EXISTS idx_recipe_ingredients_recipe ON recipe_ingredients (recipe_id);
CREATE INDEX IF NOT EXISTS idx_recipe_ingredients_product ON recipe_ingredients (product_id);

CREATE TABLE IF NOT EXISTS recipe_steps (
    id TEXT PRIMARY KEY,
    tenant_id TEXT NOT NULL,
    recipe_id TEXT NOT NULL,
    step_number INTEGER NOT NULL,
    instruction TEXT NOT NULL,
    image_url TEXT
);

CREATE INDEX IF NOT EXISTS idx_recipe_steps_recipe ON recipe_steps (recipe_id);

CREATE TABLE IF NOT EXISTS user_saved_recipes (
    id TEXT PRIMARY KEY,
    tenant_id TEXT NOT NULL,
    user_id TEXT NOT NULL,
    recipe_id TEXT NOT NULL,
    created_at TEXT NOT NULL DEFAULT (datetime('now')),
    UNIQUE(user_id, recipe_id)
);

CREATE INDEX IF NOT EXISTS idx_user_saved_recipes_user ON user_saved_recipes (tenant_id, user_id);

-- -----------------------------------------------------------------------------
-- Source: 069-weekly-menu-planner.sqlite.sql
-- -----------------------------------------------------------------------------
-- SQLite companion for 069-weekly-menu-planner.sql

CREATE TABLE IF NOT EXISTS weekly_menus (
    id TEXT PRIMARY KEY,
    tenant_id TEXT NOT NULL,
    customer_id TEXT NOT NULL,
    title TEXT NOT NULL,
    week_start_date TEXT NOT NULL,
    status TEXT NOT NULL DEFAULT 'draft',
    created_at TEXT NOT NULL DEFAULT (datetime('now')),
    updated_at TEXT NOT NULL DEFAULT (datetime('now')),
    deleted_at TEXT
);

CREATE INDEX IF NOT EXISTS idx_weekly_menus_customer_week ON weekly_menus (customer_id, week_start_date);
CREATE INDEX IF NOT EXISTS idx_weekly_menus_tenant_customer ON weekly_menus (tenant_id, customer_id);

CREATE TABLE IF NOT EXISTS weekly_menu_items (
    id TEXT PRIMARY KEY,
    tenant_id TEXT NOT NULL,
    weekly_menu_id TEXT NOT NULL,
    day_of_week INTEGER NOT NULL,
    meal_type TEXT NOT NULL,
    recipe_id TEXT,
    custom_meal_name TEXT,
    servings NUMERIC NOT NULL DEFAULT 1,
    notes TEXT,
    sort_order INTEGER NOT NULL DEFAULT 0,
    created_at TEXT NOT NULL DEFAULT (datetime('now'))
);

CREATE INDEX IF NOT EXISTS idx_weekly_menu_items_menu ON weekly_menu_items (weekly_menu_id);
CREATE INDEX IF NOT EXISTS idx_weekly_menu_items_recipe ON weekly_menu_items (recipe_id);

CREATE TABLE IF NOT EXISTS shopping_lists (
    id TEXT PRIMARY KEY,
    tenant_id TEXT NOT NULL,
    customer_id TEXT NOT NULL,
    weekly_menu_id TEXT NOT NULL,
    generated_at TEXT NOT NULL DEFAULT (datetime('now'))
);

CREATE INDEX IF NOT EXISTS idx_shopping_lists_menu ON shopping_lists (weekly_menu_id);

CREATE TABLE IF NOT EXISTS shopping_list_items (
    id TEXT PRIMARY KEY,
    shopping_list_id TEXT NOT NULL,
    ingredient_id TEXT,
    ingredient_name TEXT NOT NULL,
    quantity NUMERIC NOT NULL DEFAULT 1,
    unit TEXT NOT NULL DEFAULT '',
    matched_product_id TEXT,
    category TEXT,
    added_to_cart INTEGER NOT NULL DEFAULT 0,
    is_checked INTEGER NOT NULL DEFAULT 0,
    is_at_home INTEGER NOT NULL DEFAULT 0,
    source_recipe_id TEXT
);

CREATE INDEX IF NOT EXISTS idx_shopping_list_items_list ON shopping_list_items (shopping_list_id);

CREATE TABLE IF NOT EXISTS menu_templates (
    id TEXT PRIMARY KEY,
    tenant_id TEXT NOT NULL,
    customer_id TEXT,
    name TEXT NOT NULL,
    visibility TEXT NOT NULL DEFAULT 'private',
    created_at TEXT NOT NULL DEFAULT (datetime('now'))
);

CREATE INDEX IF NOT EXISTS idx_menu_templates_tenant ON menu_templates (tenant_id, visibility);

CREATE TABLE IF NOT EXISTS menu_template_items (
    id TEXT PRIMARY KEY,
    template_id TEXT NOT NULL,
    day_of_week INTEGER NOT NULL,
    meal_type TEXT NOT NULL,
    recipe_id TEXT,
    custom_meal_name TEXT,
    servings NUMERIC NOT NULL DEFAULT 1,
    sort_order INTEGER NOT NULL DEFAULT 0
);

CREATE INDEX IF NOT EXISTS idx_menu_template_items_template ON menu_template_items (template_id);

CREATE TABLE IF NOT EXISTS menu_planner_events (
    id TEXT PRIMARY KEY,
    tenant_id TEXT NOT NULL,
    customer_id TEXT NOT NULL,
    event_type TEXT NOT NULL,
    payload TEXT,
    created_at TEXT NOT NULL DEFAULT (datetime('now'))
);

-- -----------------------------------------------------------------------------
-- Source: 070-shopping-list-external-market.sqlite.sql
-- -----------------------------------------------------------------------------
-- SQLite companion for 070-shopping-list-external-market.sql

ALTER TABLE shopping_list_items ADD COLUMN availability_type TEXT NOT NULL DEFAULT 'external_market';
ALTER TABLE shopping_list_items ADD COLUMN product_match_status TEXT NOT NULL DEFAULT 'not_found';
ALTER TABLE shopping_list_items ADD COLUMN suggested_product_id TEXT;

CREATE INDEX IF NOT EXISTS idx_shopping_list_items_availability ON shopping_list_items (shopping_list_id, availability_type);

CREATE TABLE IF NOT EXISTS menu_planner_inventory_gaps (
    id TEXT PRIMARY KEY,
    tenant_id TEXT NOT NULL,
    customer_id TEXT NOT NULL,
    shopping_list_id TEXT NOT NULL,
    ingredient_name TEXT NOT NULL,
    normalized_name TEXT NOT NULL DEFAULT '',
    quantity NUMERIC,
    unit TEXT NOT NULL DEFAULT '',
    product_match_status TEXT NOT NULL DEFAULT 'not_found',
    suggested_product_id TEXT,
    created_at TEXT NOT NULL DEFAULT (datetime('now'))
);

CREATE INDEX IF NOT EXISTS idx_inventory_gaps_tenant_norm ON menu_planner_inventory_gaps (tenant_id, normalized_name);
CREATE INDEX IF NOT EXISTS idx_inventory_gaps_list ON menu_planner_inventory_gaps (shopping_list_id);

-- -----------------------------------------------------------------------------
-- Source: 071-pending-reservation-ttl.sqlite.sql
-- -----------------------------------------------------------------------------
-- SQLite: add TTL for stale Pending mobile order reservations
ALTER TABLE mobile_ordering_settings ADD COLUMN pending_reservation_ttl_minutes INTEGER NOT NULL DEFAULT 30;

-- -----------------------------------------------------------------------------
-- Source: 072-customer-menu-items.sqlite.sql
-- -----------------------------------------------------------------------------
-- SQLite companion for 072-customer-menu-items.sql

CREATE TABLE IF NOT EXISTS customer_menu_items (
    id TEXT PRIMARY KEY,
    tenant_id TEXT NOT NULL,
    customer_id TEXT NOT NULL,
    name TEXT NOT NULL,
    description TEXT,
    image_url TEXT,
    created_at TEXT NOT NULL DEFAULT (datetime('now')),
    updated_at TEXT NOT NULL DEFAULT (datetime('now'))
);

CREATE INDEX IF NOT EXISTS idx_customer_menu_items_owner
    ON customer_menu_items (tenant_id, customer_id, created_at DESC);

CREATE TABLE IF NOT EXISTS customer_menu_item_ingredients (
    id TEXT PRIMARY KEY,
    tenant_id TEXT NOT NULL,
    customer_menu_item_id TEXT NOT NULL REFERENCES customer_menu_items(id) ON DELETE CASCADE,
    ingredient_name TEXT NOT NULL,
    normalized_name TEXT NOT NULL DEFAULT '',
    quantity NUMERIC NOT NULL DEFAULT 1,
    unit TEXT NOT NULL DEFAULT '',
    optional INTEGER NOT NULL DEFAULT 0,
    product_id TEXT,
    sort_order INTEGER NOT NULL DEFAULT 0
);

CREATE INDEX IF NOT EXISTS idx_customer_menu_item_ingredients_item
    ON customer_menu_item_ingredients (customer_menu_item_id);

ALTER TABLE weekly_menu_items ADD COLUMN customer_menu_item_id TEXT;
ALTER TABLE menu_template_items ADD COLUMN customer_menu_item_id TEXT;

-- -----------------------------------------------------------------------------
-- Source: 073-mobile-signup-otp-twilio.sqlite.sql
-- -----------------------------------------------------------------------------
-- SQLite: Twilio SMS + OTP verification for mobile signup

ALTER TABLE mobile_ordering_settings ADD COLUMN signup_otp_enabled INTEGER NOT NULL DEFAULT 0;
ALTER TABLE mobile_ordering_settings ADD COLUMN twilio_account_sid TEXT;
ALTER TABLE mobile_ordering_settings ADD COLUMN twilio_auth_token TEXT;
ALTER TABLE mobile_ordering_settings ADD COLUMN twilio_messaging_service_sid TEXT;
ALTER TABLE mobile_ordering_settings ADD COLUMN twilio_from_number TEXT;

CREATE TABLE IF NOT EXISTS mobile_registration_pending (
    tenant_id TEXT NOT NULL REFERENCES tenants(id) ON DELETE CASCADE,
    phone_e164 TEXT NOT NULL,
    otp_hash TEXT NOT NULL,
    expires_at TEXT NOT NULL,
    attempt_count INTEGER NOT NULL DEFAULT 0,
    name TEXT NOT NULL,
    address_line1 TEXT NOT NULL,
    password_hash TEXT NOT NULL,
    created_at TEXT NOT NULL DEFAULT (datetime('now')),
    PRIMARY KEY (tenant_id, phone_e164)
);

CREATE INDEX IF NOT EXISTS idx_mobile_registration_pending_expires
    ON mobile_registration_pending (expires_at);

-- -----------------------------------------------------------------------------
-- Source: 074-pos-session-terminal-assignment.sqlite.sql
-- -----------------------------------------------------------------------------
ALTER TABLE user_sessions ADD COLUMN pos_terminal_id TEXT;

CREATE UNIQUE INDEX IF NOT EXISTS idx_user_sessions_pos_terminal_unique
ON user_sessions (pos_terminal_id)
WHERE pos_terminal_id IS NOT NULL;

-- -----------------------------------------------------------------------------
-- Source: 075-reporting-foundation.sqlite.sql
-- -----------------------------------------------------------------------------
-- SQLite companion for 075-reporting-foundation.sql
-- Note: SQLite has no native materialized views; use live queries or nightly sync jobs.

CREATE TABLE IF NOT EXISTS saved_reports (
    id TEXT PRIMARY KEY,
    tenant_id TEXT NOT NULL,
    user_id TEXT NOT NULL,
    name TEXT NOT NULL,
    category_slug TEXT NOT NULL,
    definition TEXT NOT NULL DEFAULT '{}',
    is_shared INTEGER NOT NULL DEFAULT 0,
    created_at TEXT NOT NULL DEFAULT (datetime('now')),
    updated_at TEXT NOT NULL DEFAULT (datetime('now')),
    FOREIGN KEY (tenant_id) REFERENCES tenants(id) ON DELETE CASCADE,
    FOREIGN KEY (user_id) REFERENCES users(id) ON DELETE CASCADE
);

CREATE INDEX IF NOT EXISTS idx_saved_reports_tenant ON saved_reports(tenant_id);
CREATE INDEX IF NOT EXISTS idx_saved_reports_tenant_user ON saved_reports(tenant_id, user_id);
CREATE INDEX IF NOT EXISTS idx_saved_reports_category ON saved_reports(tenant_id, category_slug);

CREATE TABLE IF NOT EXISTS report_templates (
    id TEXT PRIMARY KEY,
    tenant_id TEXT NOT NULL,
    user_id TEXT,
    name TEXT NOT NULL,
    module_key TEXT NOT NULL,
    definition TEXT NOT NULL DEFAULT '{}',
    is_system INTEGER NOT NULL DEFAULT 0,
    created_at TEXT NOT NULL DEFAULT (datetime('now')),
    updated_at TEXT NOT NULL DEFAULT (datetime('now')),
    FOREIGN KEY (tenant_id) REFERENCES tenants(id) ON DELETE CASCADE,
    FOREIGN KEY (user_id) REFERENCES users(id) ON DELETE SET NULL
);

CREATE INDEX IF NOT EXISTS idx_report_templates_tenant ON report_templates(tenant_id);
CREATE INDEX IF NOT EXISTS idx_report_templates_module ON report_templates(tenant_id, module_key);

CREATE TABLE IF NOT EXISTS report_schedules (
    id TEXT PRIMARY KEY,
    tenant_id TEXT NOT NULL,
    user_id TEXT NOT NULL,
    template_id TEXT,
    saved_report_id TEXT,
    cron_expression TEXT NOT NULL,
    timezone TEXT NOT NULL DEFAULT 'UTC',
    export_format TEXT NOT NULL DEFAULT 'pdf',
    is_active INTEGER NOT NULL DEFAULT 1,
    last_run_at TEXT,
    next_run_at TEXT,
    created_at TEXT NOT NULL DEFAULT (datetime('now')),
    updated_at TEXT NOT NULL DEFAULT (datetime('now')),
    FOREIGN KEY (tenant_id) REFERENCES tenants(id) ON DELETE CASCADE,
    FOREIGN KEY (user_id) REFERENCES users(id) ON DELETE CASCADE,
    FOREIGN KEY (template_id) REFERENCES report_templates(id) ON DELETE SET NULL,
    FOREIGN KEY (saved_report_id) REFERENCES saved_reports(id) ON DELETE SET NULL
);

CREATE INDEX IF NOT EXISTS idx_report_schedules_tenant ON report_schedules(tenant_id);
CREATE INDEX IF NOT EXISTS idx_report_schedules_next ON report_schedules(tenant_id, is_active, next_run_at);

CREATE TABLE IF NOT EXISTS report_exports (
    id TEXT PRIMARY KEY,
    tenant_id TEXT NOT NULL,
    user_id TEXT NOT NULL,
    saved_report_id TEXT,
    format TEXT NOT NULL,
    status TEXT NOT NULL DEFAULT 'pending',
    file_path TEXT,
    error_message TEXT,
    created_at TEXT NOT NULL DEFAULT (datetime('now')),
    completed_at TEXT,
    FOREIGN KEY (tenant_id) REFERENCES tenants(id) ON DELETE CASCADE,
    FOREIGN KEY (user_id) REFERENCES users(id) ON DELETE CASCADE,
    FOREIGN KEY (saved_report_id) REFERENCES saved_reports(id) ON DELETE SET NULL
);

CREATE INDEX IF NOT EXISTS idx_report_exports_tenant ON report_exports(tenant_id);
CREATE INDEX IF NOT EXISTS idx_report_exports_status ON report_exports(tenant_id, status, created_at);

CREATE TABLE IF NOT EXISTS dashboard_widgets (
    id TEXT PRIMARY KEY,
    tenant_id TEXT NOT NULL,
    user_id TEXT NOT NULL,
    layout TEXT NOT NULL DEFAULT '[]',
    created_at TEXT NOT NULL DEFAULT (datetime('now')),
    updated_at TEXT NOT NULL DEFAULT (datetime('now')),
    UNIQUE(tenant_id, user_id),
    FOREIGN KEY (tenant_id) REFERENCES tenants(id) ON DELETE CASCADE,
    FOREIGN KEY (user_id) REFERENCES users(id) ON DELETE CASCADE
);

CREATE TABLE IF NOT EXISTS report_filter_presets (
    id TEXT PRIMARY KEY,
    tenant_id TEXT NOT NULL,
    user_id TEXT NOT NULL,
    name TEXT NOT NULL,
    filters TEXT NOT NULL DEFAULT '{}',
    created_at TEXT NOT NULL DEFAULT (datetime('now')),
    updated_at TEXT NOT NULL DEFAULT (datetime('now')),
    FOREIGN KEY (tenant_id) REFERENCES tenants(id) ON DELETE CASCADE,
    FOREIGN KEY (user_id) REFERENCES users(id) ON DELETE CASCADE
);

CREATE INDEX IF NOT EXISTS idx_report_filter_presets_tenant_user ON report_filter_presets(tenant_id, user_id);

-- -----------------------------------------------------------------------------
-- Source: 076-report-exports-payload.sqlite.sql
-- -----------------------------------------------------------------------------
-- SQLite companion for 076-report-exports-payload.sql

ALTER TABLE report_exports ADD COLUMN payload TEXT;

-- -----------------------------------------------------------------------------
-- Source: 077-mobile-search-analytics.sqlite.sql
-- -----------------------------------------------------------------------------
-- SQLite companion for 077-mobile-search-analytics.sql

CREATE TABLE IF NOT EXISTS mobile_search_events (
    id TEXT PRIMARY KEY,
    tenant_id TEXT NOT NULL,
    customer_id TEXT,
    session_id TEXT,
    event_type TEXT NOT NULL,
    keyword TEXT,
    product_id TEXT,
    meta TEXT NOT NULL DEFAULT '{}',
    created_at TEXT NOT NULL DEFAULT (datetime('now'))
);

CREATE INDEX IF NOT EXISTS idx_mobile_search_events_tenant_created
    ON mobile_search_events (tenant_id, created_at DESC);

CREATE TABLE IF NOT EXISTS mobile_trending_search_terms (
    id TEXT PRIMARY KEY,
    tenant_id TEXT NOT NULL,
    keyword TEXT NOT NULL,
    display_order INTEGER NOT NULL DEFAULT 0,
    weight INTEGER NOT NULL DEFAULT 100,
    source TEXT NOT NULL DEFAULT 'admin',
    is_active INTEGER NOT NULL DEFAULT 1,
    created_at TEXT NOT NULL DEFAULT (datetime('now')),
    updated_at TEXT NOT NULL DEFAULT (datetime('now')),
    UNIQUE (tenant_id, keyword)
);

CREATE INDEX IF NOT EXISTS idx_mobile_trending_tenant_active_order
    ON mobile_trending_search_terms (tenant_id, is_active, display_order ASC);

-- -----------------------------------------------------------------------------
-- Source: 078-home-promo-slides.sql
-- -----------------------------------------------------------------------------
-- Mobile home hero / promo carousel images (uploaded from POS → Mobile branding)
ALTER TABLE tenant_branding ADD COLUMN IF NOT EXISTS home_promo_slides TEXT DEFAULT '[]';

-- -----------------------------------------------------------------------------
-- Source: 079-voice-orders.sqlite.sql
-- -----------------------------------------------------------------------------
-- SQLite: voice ordering (079)

CREATE TABLE IF NOT EXISTS voice_order_settings (
    tenant_id TEXT PRIMARY KEY REFERENCES tenants(id) ON DELETE CASCADE,
    is_enabled INTEGER DEFAULT 0,
    max_recording_seconds INTEGER DEFAULT 120,
    max_upload_bytes INTEGER DEFAULT 10485760,
    transcription_enabled INTEGER DEFAULT 0,
    transcription_provider TEXT DEFAULT 'none',
    transcription_api_key TEXT,
    push_enabled INTEGER DEFAULT 1,
    sms_enabled INTEGER DEFAULT 0,
    created_at TEXT NOT NULL DEFAULT (datetime('now')),
    updated_at TEXT NOT NULL DEFAULT (datetime('now'))
);

CREATE TABLE IF NOT EXISTS voice_orders (
    id TEXT PRIMARY KEY,
    tenant_id TEXT NOT NULL REFERENCES tenants(id) ON DELETE CASCADE,
    order_number TEXT NOT NULL,
    customer_id TEXT NOT NULL REFERENCES mobile_customers(id) ON DELETE CASCADE,
    branch_id TEXT REFERENCES shop_branches(id),
    audio_url TEXT,
    audio_duration_seconds REAL,
    audio_mime_type TEXT,
    transcription_text TEXT,
    transcription_items_json TEXT,
    status TEXT NOT NULL DEFAULT 'Pending',
    notes TEXT,
    delivery_mode TEXT DEFAULT 'delivery',
    delivery_address TEXT,
    delivery_lat REAL,
    delivery_lng REAL,
    created_invoice_id TEXT REFERENCES shop_sales(id),
    mobile_order_id TEXT REFERENCES mobile_orders(id),
    customer_approved_at TEXT,
    received_at TEXT,
    invoice_created_at TEXT,
    created_at TEXT NOT NULL DEFAULT (datetime('now')),
    updated_at TEXT NOT NULL DEFAULT (datetime('now')),
    UNIQUE(tenant_id, order_number)
);

CREATE INDEX IF NOT EXISTS idx_voice_orders_tenant ON voice_orders(tenant_id);
CREATE INDEX IF NOT EXISTS idx_voice_orders_customer ON voice_orders(customer_id);
CREATE INDEX IF NOT EXISTS idx_voice_orders_status ON voice_orders(tenant_id, status);
CREATE INDEX IF NOT EXISTS idx_voice_orders_created ON voice_orders(tenant_id, created_at DESC);

CREATE TABLE IF NOT EXISTS voice_order_status_history (
    id TEXT PRIMARY KEY,
    tenant_id TEXT NOT NULL REFERENCES tenants(id) ON DELETE CASCADE,
    voice_order_id TEXT NOT NULL REFERENCES voice_orders(id) ON DELETE CASCADE,
    from_status TEXT,
    to_status TEXT NOT NULL,
    changed_by TEXT,
    changed_by_type TEXT DEFAULT 'system',
    note TEXT,
    created_at TEXT NOT NULL DEFAULT (datetime('now'))
);

CREATE INDEX IF NOT EXISTS idx_voice_order_status_history_order
    ON voice_order_status_history(voice_order_id);

-- -----------------------------------------------------------------------------
-- Source: 080-home-promo-interval.sql
-- -----------------------------------------------------------------------------
-- Carousel rotation speed (seconds) for mobile home promotional ads
ALTER TABLE tenant_branding ADD COLUMN IF NOT EXISTS home_promo_interval_seconds INTEGER NOT NULL DEFAULT 5;

-- -----------------------------------------------------------------------------
-- Source: 081-tenant-isolation-indexes.sqlite.sql
-- -----------------------------------------------------------------------------
-- SQLite variant (indexes only; no partial unique changes).

CREATE INDEX IF NOT EXISTS idx_mobile_orders_tenant_id_created
  ON mobile_orders(tenant_id, created_at);

CREATE INDEX IF NOT EXISTS idx_shop_sales_tenant_id_created
  ON shop_sales(tenant_id, created_at);

CREATE INDEX IF NOT EXISTS idx_mobile_customers_tenant_id
  ON mobile_customers(tenant_id);

CREATE INDEX IF NOT EXISTS idx_customers_tenant_id
  ON customers(tenant_id);

CREATE INDEX IF NOT EXISTS idx_shop_products_tenant_id
  ON shop_products(tenant_id);

-- -----------------------------------------------------------------------------
-- Source: 082-order-center-unified.sqlite.sql
-- -----------------------------------------------------------------------------
-- SQLite: Unified Order Center (082)

ALTER TABLE mobile_orders ADD COLUMN order_source TEXT NOT NULL DEFAULT 'cart';
ALTER TABLE mobile_orders ADD COLUMN source_reference_id TEXT;
ALTER TABLE mobile_orders ADD COLUMN converted_from_voice_order_id TEXT REFERENCES voice_orders(id);

CREATE INDEX IF NOT EXISTS idx_mobile_orders_order_source ON mobile_orders(tenant_id, order_source, status);

ALTER TABLE voice_orders ADD COLUMN order_source TEXT NOT NULL DEFAULT 'voice';
ALTER TABLE voice_orders ADD COLUMN source_reference_id TEXT;
ALTER TABLE voice_orders ADD COLUMN cancelled_reason TEXT;
ALTER TABLE voice_orders ADD COLUMN cancelled_note TEXT;
ALTER TABLE voice_orders ADD COLUMN cancelled_by TEXT;
ALTER TABLE voice_orders ADD COLUMN cancelled_at TEXT;

CREATE INDEX IF NOT EXISTS idx_voice_orders_cancelled ON voice_orders(tenant_id, cancelled_at);

-- -----------------------------------------------------------------------------
-- Source: 083-tenant-shop-timezone.sqlite.sql
-- -----------------------------------------------------------------------------
-- Shop-wide IANA timezone (used for calendar dates and timestamp day boundaries).
ALTER TABLE tenants ADD COLUMN timezone TEXT NOT NULL DEFAULT 'Asia/Karachi';

UPDATE tenants SET timezone = 'Asia/Karachi' WHERE timezone IS NULL OR TRIM(timezone) = '';
UPDATE tenants SET timezone = 'Asia/Karachi' WHERE timezone IN ('GMT+5', 'GMT+5:00');
UPDATE tenants SET timezone = 'Asia/Kolkata' WHERE timezone IN ('GMT+5:30', 'GMT+5:30');
